ip,端口号,代理位置,代理类型,验证时间
36.91.148.37,8080,黑龙江省鹤岗市,高匿代理,2023年03月26日22时 验证
8.45.176.194,80,浙江省杭州市,高匿代理,2023年03月26日20时 验证
43.249.10.132,45787,吉林省长春市,高匿代理,2023年03月26日18时 验证
45.176.95.162,999,新疆维吾尔自治区克拉玛依市,高匿代理,2023年03月26日16时 验证
62.219.20.3,8111,河北省秦皇岛市,高匿代理,2023年03月26日14时 验证
203.177.83.83,80,海南省,高匿代理,2023年03月26日12时 验证
197.254.97.254,80,江苏省无锡市,高匿代理,2023年03月26日10时 验证
115.239.234.43,7302,江西省新余市,高匿代理,2023年03月26日08时 验证
203.23.103.158,80,湖北省十堰市,高匿代理,2023年03月26日06时 验证
47.107.150.251,80,新疆维吾尔自治区克拉玛依市,高匿代理,2023年03月26日04时 验证
223.247.46.5,8089,山西省阳泉市,高匿代理,2023年03月26日02时 验证
27.157.228.118,8089,安徽省芜湖市,高匿代理,2023年03月26日00时 验证
39.106.22.212,8888,山东省枣庄市,高匿代理,2023年03月25日22时 验证
212.112.113.178,3128,福建省三明市,高匿代理,2023年03月25日20时 验证
49.68.102.157,8089,广西壮族自治区南宁市,高匿代理,2023年03月25日18时 验证
27.157.228.7,8089,福建省三明市,高匿代理,2023年03月25日16时 验证
172.105.25.190,80,北京市,高匿代理,2023年03月25日14时 验证
85.236.157.173,80,河北省石家庄市,高匿代理,2023年03月25日12时 验证
8.134.138.108,8081,浙江省杭州市,高匿代理,2023年03月25日10时 验证
58.221.40.175,80,河北省秦皇岛市,高匿代理,2023年03月25日08时 验证
198.44.162.206,45787,黑龙江省鹤岗市,高匿代理,2023年03月25日06时 验证
212.109.198.8,3128,黑龙江省双鸭山市,高匿代理,2023年03月25日04时 验证
103.210.57.243,80,宁夏回族自治区吴忠市,高匿代理,2023年03月25日02时 验证
49.68.102.86,8089,河南省平顶山市,高匿代理,2023年03月25日00时 验证
221.231.24.94,9002,浙江省杭州市,高匿代理,2023年03月24日22时 验证
27.76.93.167,4003,四川省德阳市,高匿代理,2023年03月24日20时 验证
162.247.243.131,80,江苏省苏州市,高匿代理,2023年03月24日18时 验证
35.229.209.182,8888,广西壮族自治区柳州市,高匿代理,2023年03月24日16时 验证
198.44.161.250,45787,甘肃省天水市,高匿代理,2023年03月24日14时 验证
43.251.116.98,45787,北京市,高匿代理,2023年03月24日12时 验证
43.251.119.130,45787,河南省洛阳市,高匿代理,2023年03月24日10时 验证
89.237.35.10,37647,山东省淄博市,高匿代理,2023年03月24日08时 验证
210.212.129.109,9001,湖南省株洲市,高匿代理,2023年03月24日06时 验证
36.72.28.239,8080,天津市,高匿代理,2023年03月24日04时 验证
79.132.137.195,8118,上海市,高匿代理,2023年03月24日02时 验证
41.128.148.78,1976,吉林省通化市,高匿代理,2023年03月24日00时 验证
198.44.190.58,45787,陕西省咸阳市,高匿代理,2023年03月23日22时 验证
58.147.186.227,3125,山西省长治市,高匿代理,2023年03月23日20时 验证
59.98.4.70,8080,内蒙古自治区呼和浩特市,高匿代理,2023年03月23日18时 验证
51.195.115.16,8080,四川省成都市,高匿代理,2023年03月23日16时 验证
59.59.158.106,8089,青海省海北藏族自治州,高匿代理,2023年03月23日14时 验证
198.44.164.145,45787,广西壮族自治区桂林市,高匿代理,2023年03月23日12时 验证
47.102.158.96,8080,河南省洛阳市,高匿代理,2023年03月23日10时 验证
201.217.55.97,43110,四川省德阳市,高匿代理,2023年03月23日08时 验证
185.195.105.26,12333,四川省攀枝花市,高匿代理,2023年03月23日06时 验证
104.19.143.108,80,河北省唐山市,高匿代理,2023年03月23日04时 验证
60.199.29.41,8111,甘肃省金昌市,高匿代理,2023年03月23日02时 验证
60.173.24.202,8089,辽宁省鞍山市,高匿代理,2023年03月23日00时 验证
45.225.107.100,1994,贵州省铜仁地区,高匿代理,2023年03月22日22时 验证
47.104.104.16,4,西藏自治区山南地区,高匿代理,2023年03月22日20时 验证
46.209.217.2,8088,北京市,高匿代理,2023年03月22日18时 验证
202.57.55.242,45112,西藏自治区昌都地区,高匿代理,2023年03月22日16时 验证
198.44.162.250,45787,河南省洛阳市,高匿代理,2023年03月22日14时 验证
134.236.58.16,8080,江苏省南京市,高匿代理,2023年03月22日12时 验证
66.220.129.39,3128,贵州省贵阳市,高匿代理,2023年03月22日10时 验证
52.47.137.181,80,四川省德阳市,高匿代理,2023年03月22日08时 验证
198.44.189.90,45787,湖南省长沙市,高匿代理,2023年03月22日06时 验证
203.202.245.60,80,河南省洛阳市,高匿代理,2023年03月22日04时 验证
116.203.214.179,80,宁夏回族自治区银川市,高匿代理,2023年03月22日02时 验证
206.1.93.201,999,北京市市辖区,高匿代理,2023年03月22日00时 验证
185.174.111.123,41002,湖北省十堰市,高匿代理,2023年03月21日22时 验证
209.127.106.26,3000,浙江省温州市,高匿代理,2023年03月21日20时 验证
84.95.240.152,80,重庆市市,高匿代理,2023年03月21日18时 验证
71.172.10.163,3128,吉林省四平市,高匿代理,2023年03月21日16时 验证
136.226.32.233,443,云南省昭通市,高匿代理,2023年03月21日14时 验证
8.134.81.16,8888,贵州省六盘水市,高匿代理,2023年03月21日12时 验证
197.254.97.251,80,江苏省徐州市,高匿代理,2023年03月21日10时 验证
181.177.69.117,3199,上海市上海周边,高匿代理,2023年03月21日08时 验证
61.148.199.206,4145,新疆维吾尔自治区哈密地区,高匿代理,2023年03月21日06时 验证
72.169.66.157,87,重庆市,高匿代理,2023年03月21日04时 验证
103.138.205.83,3128,北京市市辖区,高匿代理,2023年03月21日02时 验证
62.183.96.194,8080,黑龙江省双鸭山市,高匿代理,2023年03月21日00时 验证
179.61.229.162,999,广东省珠海市,高匿代理,2023年03月20日22时 验证
144.172.104.99,3199,天津市天津周边,高匿代理,2023年03月20日20时 验证
8.209.68.1,8080,陕西省铜川市,高匿代理,2023年03月20日18时 验证
45.171.158.156,1994,四川省成都市,高匿代理,2023年03月20日16时 验证
59.59.158.151,8089,江西省南昌市,高匿代理,2023年03月20日14时 验证
89.237.34.174,37647,吉林省通化市,高匿代理,2023年03月20日12时 验证
167.235.194.251,8080,云南省曲靖市,高匿代理,2023年03月20日10时 验证
5.255.63.5,39593,山东省枣庄市,高匿代理,2023年03月20日08时 验证
77.233.5.68,55443,北京市市辖区,高匿代理,2023年03月20日06时 验证
54.36.81.217,8080,湖南省湘潭市,高匿代理,2023年03月20日04时 验证
221.130.193.236,80,黑龙江省齐齐哈尔市,高匿代理,2023年03月20日02时 验证
45.32.101.24,80,贵州省遵义市,高匿代理,2023年03月20日00时 验证
60.185.42.71,9128,安徽省蚌埠市,高匿代理,2023年03月19日22时 验证
91.107.234.199,8080,湖南省长沙市,高匿代理,2023年03月19日20时 验证
78.30.230.117,50932,青海省西宁市,高匿代理,2023年03月19日18时 验证
59.59.158.141,8089,福建省莆田市,高匿代理,2023年03月19日16时 验证
95.174.98.125,80,浙江省宁波市,高匿代理,2023年03月19日14时 验证
106.14.23.61,10800,北京市北京周边,高匿代理,2023年03月19日12时 验证
74.208.219.109,3128,宁夏回族自治区吴忠市,高匿代理,2023年03月19日10时 验证
182.43.242.154,3128,新疆维吾尔自治区哈密地区,高匿代理,2023年03月19日08时 验证
62.109.31.242,3128,河南省洛阳市,高匿代理,2023年03月19日06时 验证
59.60.209.229,8089,宁夏回族自治区银川市,高匿代理,2023年03月19日04时 验证
52.91.23.134,9999,福建省莆田市,高匿代理,2023年03月19日02时 验证
45.120.58.209,8080,湖南省衡阳市,高匿代理,2023年03月19日00时 验证
59.59.215.33,8089,上海市上海周边,高匿代理,2023年03月18日22时 验证
60.188.5.227,80,四川省成都市,高匿代理,2023年03月18日20时 验证
183.222.217.168,9091,西藏自治区昌都地区,高匿代理,2023年03月18日18时 验证
204.157.251.194,8080,甘肃省兰州市,高匿代理,2023年03月18日16时 验证
91.107.196.130,8080,内蒙古自治区通辽市,高匿代理,2023年03月18日14时 验证
190.2.214.135,999,黑龙江省鸡西市,高匿代理,2023年03月18日12时 验证
178.130.76.158,8080,西藏自治区日喀则地区,高匿代理,2023年03月18日10时 验证
8.219.115.145,3128,宁夏回族自治区吴忠市,高匿代理,2023年03月18日08时 验证
183.247.221.119,30001,浙江省嘉兴市,高匿代理,2023年03月18日06时 验证
34.82.82.224,8888,山西省晋城市,高匿代理,2023年03月18日04时 验证
78.186.110.251,9090,云南省玉溪市,高匿代理,2023年03月18日02时 验证
74.208.177.198,80,新疆维吾尔自治区哈密地区,高匿代理,2023年03月18日00时 验证
125.79.207.126,8089,湖南省衡阳市,高匿代理,2023年03月17日22时 验证
180.103.48.91,8089,辽宁省抚顺市,高匿代理,2023年03月17日20时 验证
203.24.103.30,80,福建省莆田市,高匿代理,2023年03月17日18时 验证
111.224.217.17,8089,甘肃省白银市,高匿代理,2023年03月17日16时 验证
59.59.128.107,8089,海南省三亚市,高匿代理,2023年03月17日14时 验证
201.218.42.204,1994,内蒙古自治区乌海市,高匿代理,2023年03月17日12时 验证
202.4.186.76,80,湖北省宜昌市,高匿代理,2023年03月17日10时 验证
157.90.122.41,8080,内蒙古自治区赤峰市,高匿代理,2023年03月17日08时 验证
62.33.207.201,3128,宁夏回族自治区银川市,高匿代理,2023年03月17日06时 验证
185.174.111.182,41002,贵州省铜仁地区,高匿代理,2023年03月17日04时 验证
161.38.217.6,8080,江苏省常州市,高匿代理,2023年03月17日02时 验证
203.32.121.97,80,新疆维吾尔自治区哈密地区,高匿代理,2023年03月17日00时 验证
35.193.239.194,3128,内蒙古自治区通辽市,高匿代理,2023年03月16日22时 验证
5.78.43.245,8080,四川省自贡市,高匿代理,2023年03月16日20时 验证
18.116.189.103,80,宁夏回族自治区石嘴山市,高匿代理,2023年03月16日18时 验证
94.139.150.45,4145,重庆市,高匿代理,2023年03月16日16时 验证
36.6.145.246,8089,陕西省铜川市,高匿代理,2023年03月16日14时 验证
89.252.152.191,2019,吉林省长春市,高匿代理,2023年03月16日12时 验证
27.79.236.66,4001,湖北省黄石市,高匿代理,2023年03月16日10时 验证
103.208.102.41,8080,陕西省渭南市,高匿代理,2023年03月16日08时 验证
65.20.224.211,80,西藏自治区那曲地区,高匿代理,2023年03月16日06时 验证
167.172.96.117,37011,天津市,高匿代理,2023年03月16日04时 验证
27.150.93.201,8089,广东省深圳市,高匿代理,2023年03月16日02时 验证
51.254.44.184,63999,黑龙江省齐齐哈尔市,高匿代理,2023年03月16日00时 验证
198.44.161.22,45787,重庆市,高匿代理,2023年03月15日22时 验证
198.44.161.251,45787,陕西省西安市,高匿代理,2023年03月15日20时 验证
221.1.86.228,9000,天津市,高匿代理,2023年03月15日18时 验证
39.175.85.98,30001,宁夏回族自治区石嘴山市,高匿代理,2023年03月15日16时 验证
181.176.211.168,8080,广东省汕头市,高匿代理,2023年03月15日14时 验证
27.192.171.112,9000,四川省攀枝花市,高匿代理,2023年03月15日12时 验证
59.59.158.215,8089,云南省曲靖市,高匿代理,2023年03月15日10时 验证
201.71.2.41,999,北京市,高匿代理,2023年03月15日08时 验证
27.157.230.229,8089,浙江省温州市,高匿代理,2023年03月15日06时 验证
59.59.163.253,8089,山西省长治市,高匿代理,2023年03月15日04时 验证
46.35.87.143,8080,山东省东营市,高匿代理,2023年03月15日02时 验证
36.6.140.116,8089,贵州省铜仁地区,高匿代理,2023年03月15日00时 验证
36.6.144.19,8089,安徽省淮南市,高匿代理,2023年03月14日22时 验证
5.78.93.215,8080,山东省淄博市,高匿代理,2023年03月14日20时 验证
115.241.197.126,80,辽宁省鞍山市,高匿代理,2023年03月14日18时 验证
59.59.158.54,8089,广西壮族自治区北海市,高匿代理,2023年03月14日16时 验证
202.93.229.234,8080,吉林省长春市,高匿代理,2023年03月14日14时 验证
77.68.254.194,8111,内蒙古自治区呼和浩特市,高匿代理,2023年03月14日12时 验证
188.94.227.161,8080,新疆维吾尔自治区哈密地区,高匿代理,2023年03月14日10时 验证
49.86.181.178,8089,内蒙古自治区赤峰市,高匿代理,2023年03月14日08时 验证
27.150.87.251,8089,四川省成都市,高匿代理,2023年03月14日06时 验证
60.185.36.195,9128,广西壮族自治区柳州市,高匿代理,2023年03月14日04时 验证
222.190.173.133,8089,广东省深圳市,高匿代理,2023年03月14日02时 验证
27.150.93.217,8089,陕西省宝鸡市,高匿代理,2023年03月14日00时 验证
27.157.223.240,8089,江苏省徐州市,高匿代理,2023年03月13日22时 验证
77.236.237.241,1256,四川省攀枝花市,高匿代理,2023年03月13日20时 验证
223.247.46.94,8089,河南省郑州市,高匿代理,2023年03月13日18时 验证
27.75.141.246,4015,北京市市辖区,高匿代理,2023年03月13日16时 验证
185.195.104.72,12333,广西壮族自治区梧州市,高匿代理,2023年03月13日14时 验证
187.174.97.174,80,甘肃省金昌市,高匿代理,2023年03月13日12时 验证
46.161.247.24,8080,吉林省吉林市,高匿代理,2023年03月13日10时 验证
47.94.57.119,80,黑龙江省鸡西市,高匿代理,2023年03月13日08时 验证
109.165.134.47,8080,贵州省铜仁地区,高匿代理,2023年03月13日06时 验证
183.165.249.82,8089,四川省成都市,高匿代理,2023年03月13日04时 验证
170.64.150.114,80,陕西省铜川市,高匿代理,2023年03月13日02时 验证
61.190.161.83,8089,辽宁省本溪市,高匿代理,2023年03月13日00时 验证
65.188.222.121,3128,内蒙古自治区乌海市,高匿代理,2023年03月12日22时 验证
27.76.248.238,4001,广东省广州市,高匿代理,2023年03月12日20时 验证
36.6.141.147,8089,广东省珠海市,高匿代理,2023年03月12日18时 验证
169.239.85.105,8080,青海省海北藏族自治州,高匿代理,2023年03月12日16时 验证
220.179.211.107,8089,重庆市,高匿代理,2023年03月12日14时 验证
183.245.6.32,8080,广东省广州市,高匿代理,2023年03月12日12时 验证
219.131.241.47,9797,山西省太原市,高匿代理,2023年03月12日10时 验证
61.190.161.0,8089,青海省海北藏族自治州,高匿代理,2023年03月12日08时 验证
27.64.94.90,4001,广西壮族自治区南宁市,高匿代理,2023年03月12日06时 验证
104.17.209.9,80,贵州省安顺市,高匿代理,2023年03月12日04时 验证
193.151.157.68,80,吉林省辽源市,高匿代理,2023年03月12日02时 验证
201.131.103.234,999,贵州省贵阳市,高匿代理,2023年03月12日00时 验证
43.251.118.140,45787,广东省广州市,高匿代理,2023年03月11日22时 验证
36.137.157.10,7890,北京市,高匿代理,2023年03月11日20时 验证
187.103.73.165,5566,河北省唐山市,高匿代理,2023年03月11日18时 验证
61.132.170.24,8089,湖北省黄石市,高匿代理,2023年03月11日16时 验证
85.62.10.88,8080,新疆维吾尔自治区昌吉回族自治州,高匿代理,2023年03月11日14时 验证
65.108.69.40,10046,内蒙古自治区呼和浩特市,高匿代理,2023年03月11日12时 验证
124.122.134.67,8080,北京市,高匿代理,2023年03月11日10时 验证
36.6.145.93,8089,西藏自治区拉萨市,高匿代理,2023年03月11日08时 验证
27.157.230.139,8089,广西壮族自治区柳州市,高匿代理,2023年03月11日06时 验证
43.251.117.192,45787,湖北省宜昌市,高匿代理,2023年03月11日04时 验证
45.179.185.98,8083,西藏自治区昌都地区,高匿代理,2023年03月11日02时 验证
45.161.202.4,3386,山东省东营市,高匿代理,2023年03月11日00时 验证
221.1.88.14,9000,广西壮族自治区北海市,高匿代理,2023年03月10日22时 验证
45.70.201.178,999,海南省,高匿代理,2023年03月10日20时 验证
36.91.107.245,8080,新疆维吾尔自治区克拉玛依市,高匿代理,2023年03月10日18时 验证
27.68.83.53,4005,湖南省长沙市,高匿代理,2023年03月10日16时 验证
82.204.150.190,3129,吉林省吉林市,高匿代理,2023年03月10日14时 验证
27.157.128.245,8089,福建省三明市,高匿代理,2023年03月10日12时 验证
43.251.117.118,45787,河北省唐山市,高匿代理,2023年03月10日10时 验证
51.103.137.65,80,安徽省芜湖市,高匿代理,2023年03月10日08时 验证
223.247.47.112,8089,内蒙古自治区赤峰市,高匿代理,2023年03月10日06时 验证
8.210.203.175,59394,吉林省通化市,高匿代理,2023年03月10日04时 验证
38.88.23.197,80,四川省攀枝花市,高匿代理,2023年03月10日02时 验证
27.150.160.108,8089,浙江省宁波市,高匿代理,2023年03月10日00时 验证
85.238.106.208,8800,西藏自治区山南地区,高匿代理,2023年03月09日22时 验证
23.97.50.245,3128,陕西省咸阳市,高匿代理,2023年03月09日20时 验证
80.73.87.198,59175,甘肃省天水市,高匿代理,2023年03月09日18时 验证
61.160.223.141,7302,广东省韶关市,高匿代理,2023年03月09日16时 验证
36.6.144.53,8089,新疆维吾尔自治区昌吉回族自治州,高匿代理,2023年03月09日14时 验证
212.205.128.71,8080,浙江省温州市,高匿代理,2023年03月09日12时 验证
49.89.103.182,8089,甘肃省嘉峪关市,高匿代理,2023年03月09日10时 验证
185.195.106.231,23445,北京市市辖区,高匿代理,2023年03月09日08时 验证
202.12.80.158,83,上海市,高匿代理,2023年03月09日06时 验证
27.76.95.167,4003,重庆市重庆周边,高匿代理,2023年03月09日04时 验证
61.154.88.124,8089,天津市,高匿代理,2023年03月09日02时 验证
59.59.162.64,8089,浙江省宁波市,高匿代理,2023年03月09日00时 验证
27.150.162.139,8089,湖南省湘潭市,高匿代理,2023年03月08日22时 验证
45.77.146.181,8889,河北省石家庄市,高匿代理,2023年03月08日20时 验证
185.195.107.135,23445,四川省自贡市,高匿代理,2023年03月08日18时 验证
171.249.255.237,4012,安徽省蚌埠市,高匿代理,2023年03月08日16时 验证
171.240.111.197,4007,新疆维吾尔自治区吐鲁番地区,高匿代理,2023年03月08日14时 验证
189.195.139.150,999,山东省济南市,高匿代理,2023年03月08日12时 验证
210.211.122.169,8080,新疆维吾尔自治区昌吉回族自治州,高匿代理,2023年03月08日10时 验证
222.190.208.172,8089,山西省太原市,高匿代理,2023年03月08日08时 验证
183.165.244.59,8089,福建省莆田市,高匿代理,2023年03月08日06时 验证
185.165.190.66,9595,海南省三亚市,高匿代理,2023年03月08日04时 验证
34.239.173.211,9999,青海省海南藏族自治州,高匿代理,2023年03月08日02时 验证
183.166.137.18,41122,重庆市,高匿代理,2023年03月08日00时 验证
222.190.208.100,8089,四川省自贡市,高匿代理,2023年03月07日22时 验证
27.73.180.19,4005,海南省海口市,高匿代理,2023年03月07日20时 验证
185.195.106.200,23445,江西省景德镇市,高匿代理,2023年03月07日18时 验证
93.104.211.69,21,海南省三亚市,高匿代理,2023年03月07日16时 验证
60.167.91.34,33080,浙江省杭州市,高匿代理,2023年03月07日14时 验证
183.164.245.134,8089,新疆维吾尔自治区乌鲁木齐市,高匿代理,2023年03月07日12时 验证
35.174.204.39,9999,江苏省苏州市,高匿代理,2023年03月07日10时 验证
91.249.134.148,80,宁夏回族自治区固原市,高匿代理,2023年03月07日08时 验证
82.98.147.36,80,辽宁省本溪市,高匿代理,2023年03月07日06时 验证
27.157.228.206,8089,贵州省安顺市,高匿代理,2023年03月07日04时 验证
85.238.102.97,8081,青海省海南藏族自治州,高匿代理,2023年03月07日02时 验证
162.159.242.66,80,湖南省衡阳市,高匿代理,2023年03月07日00时 验证
59.59.163.29,8089,重庆市市,高匿代理,2023年03月06日22时 验证
170.155.2.119,80,江西省萍乡市,高匿代理,2023年03月06日20时 验证
20.89.139.96,8080,湖南省长沙市,高匿代理,2023年03月06日18时 验证
183.165.244.248,8089,河南省郑州市,高匿代理,2023年03月06日16时 验证
51.223.129.26,8080,广东省汕头市,高匿代理,2023年03月06日14时 验证
103.125.173.14,8080,重庆市市,高匿代理,2023年03月06日12时 验证
78.46.175.184,80,天津市天津周边,高匿代理,2023年03月06日10时 验证
183.172.195.89,8911,云南省曲靖市,高匿代理,2023年03月06日08时 验证
183.165.248.226,8089,山东省青岛市,高匿代理,2023年03月06日06时 验证
27.192.172.22,9000,广东省广州市,高匿代理,2023年03月06日04时 验证
91.241.217.58,9090,辽宁省沈阳市,高匿代理,2023年03月06日02时 验证
181.13.254.54,999,西藏自治区昌都地区,高匿代理,2023年03月06日00时 验证
27.64.27.144,4001,河北省秦皇岛市,高匿代理,2023年03月05日22时 验证
171.248.121.145,4006,贵州省六盘水市,高匿代理,2023年03月05日20时 验证
59.48.218.218,9091,重庆市,高匿代理,2023年03月05日18时 验证
43.251.118.131,45787,内蒙古自治区通辽市,高匿代理,2023年03月05日16时 验证
223.247.46.104,8089,安徽省芜湖市,高匿代理,2023年03月05日14时 验证
222.190.173.154,8089,浙江省杭州市,高匿代理,2023年03月05日12时 验证
61.190.161.22,8089,山西省长治市,高匿代理,2023年03月05日10时 验证
86.92.97.181,80,河北省邯郸市,高匿代理,2023年03月05日08时 验证
82.146.45.136,3128,辽宁省本溪市,高匿代理,2023年03月05日06时 验证
49.68.96.228,8089,山东省东营市,高匿代理,2023年03月05日04时 验证
27.64.28.145,4011,海南省,高匿代理,2023年03月05日02时 验证
171.92.14.91,9000,安徽省淮南市,高匿代理,2023年03月05日00时 验证
139.64.135.45,80,黑龙江省鸡西市,高匿代理,2023年03月04日22时 验证
43.251.118.96,45787,西藏自治区拉萨市,高匿代理,2023年03月04日20时 验证
183.172.45.100,4780,青海省海北藏族自治州,高匿代理,2023年03月04日18时 验证
202.43.184.206,443,江西省景德镇市,高匿代理,2023年03月04日16时 验证
172.67.160.226,80,广西壮族自治区南宁市,高匿代理,2023年03月04日14时 验证
49.70.89.47,8089,陕西省宝鸡市,高匿代理,2023年03月04日12时 验证
189.11.248.162,8080,宁夏回族自治区吴忠市,高匿代理,2023年03月04日10时 验证
43.251.116.154,45787,上海市,高匿代理,2023年03月04日08时 验证
172.67.117.192,80,湖北省十堰市,高匿代理,2023年03月04日06时 验证
201.168.136.169,999,云南省曲靖市,高匿代理,2023年03月04日04时 验证
27.157.228.207,8089,山东省济南市,高匿代理,2023年03月04日02时 验证
188.132.222.36,8080,河南省安阳市,高匿代理,2023年03月04日00时 验证
87.103.173.158,8080,甘肃省嘉峪关市,高匿代理,2023年03月03日22时 验证
27.192.203.26,9000,陕西省铜川市,高匿代理,2023年03月03日20时 验证
45.189.58.78,9090,上海市,高匿代理,2023年03月03日18时 验证
103.117.101.99,8181,辽宁省鞍山市,高匿代理,2023年03月03日16时 验证
114.99.10.149,8089,新疆维吾尔自治区昌吉回族自治州,高匿代理,2023年03月03日14时 验证
43.251.118.248,45787,江苏省常州市,高匿代理,2023年03月03日12时 验证
203.112.223.126,8080,河南省安阳市,高匿代理,2023年03月03日10时 验证
115.220.2.187,808,新疆维吾尔自治区克拉玛依市,高匿代理,2023年03月03日08时 验证
114.130.152.134,8080,西藏自治区日喀则地区,高匿代理,2023年03月03日06时 验证
222.190.173.157,8089,陕西省西安市,高匿代理,2023年03月03日04时 验证
146.59.2.185,80,四川省自贡市,高匿代理,2023年03月03日02时 验证
104.16.7.80,80,福建省厦门市,高匿代理,2023年03月03日00时 验证
117.57.98.144,8089,河北省邢台市,高匿代理,2023年03月02日22时 验证
117.94.113.72,9000,广东省韶关市,高匿代理,2023年03月02日20时 验证
103.159.68.147,8080,辽宁省抚顺市,高匿代理,2023年03月02日18时 验证
117.1.254.230,4017,广西壮族自治区桂林市,高匿代理,2023年03月02日16时 验证
117.92.123.4,8089,江西省九江市,高匿代理,2023年03月02日14时 验证
114.106.134.21,8089,北京市,高匿代理,2023年03月02日12时 验证
189.164.243.132,10101,西藏自治区昌都地区,高匿代理,2023年03月02日10时 验证
190.220.1.173,56974,江苏省常州市,高匿代理,2023年03月02日08时 验证
27.192.200.190,9000,上海市上海周边,高匿代理,2023年03月02日06时 验证
45.71.36.122,999,吉林省四平市,高匿代理,2023年03月02日04时 验证
185.230.48.135,32650,浙江省湖州市,高匿代理,2023年03月02日02时 验证
172.67.181.170,80,宁夏回族自治区固原市,高匿代理,2023年03月02日00时 验证
123.182.59.214,8089,黑龙江省鹤岗市,高匿代理,2023年03月01日22时 验证
222.190.215.151,8089,海南省,高匿代理,2023年03月01日20时 验证
176.235.131.228,9090,云南省昭通市,高匿代理,2023年03月01日18时 验证
103.138.41.132,8080,河北省秦皇岛市,高匿代理,2023年03月01日16时 验证
125.63.133.138,8080,河南省安阳市,高匿代理,2023年03月01日14时 验证
222.190.208.85,8089,辽宁省沈阳市,高匿代理,2023年03月01日12时 验证
171.227.222.135,4001,内蒙古自治区呼和浩特市,高匿代理,2023年03月01日10时 验证
27.157.230.119,8089,新疆维吾尔自治区昌吉回族自治州,高匿代理,2023年03月01日08时 验证
94.130.177.190,9999,重庆市市辖区,高匿代理,2023年03月01日06时 验证
176.102.51.119,3128,江西省南昌市,高匿代理,2023年03月01日04时 验证
62.193.108.134,1981,内蒙古自治区通辽市,高匿代理,2023年03月01日02时 验证
128.199.4.176,80,河北省邢台市,高匿代理,2023年03月01日00时 验证
111.225.152.50,8089,辽宁省抚顺市,高匿代理,2023年02月28日22时 验证
81.134.57.82,3128,甘肃省金昌市,高匿代理,2023年02月28日20时 验证
123.182.59.91,8089,河北省石家庄市,高匿代理,2023年02月28日18时 验证
189.51.4.254,45367,上海市,高匿代理,2023年02月28日16时 验证
179.49.114.95,999,湖北省十堰市,高匿代理,2023年02月28日14时 验证
190.61.48.25,999,宁夏回族自治区银川市,高匿代理,2023年02月28日12时 验证
217.180.218.36,8080,山东省东营市,高匿代理,2023年02月28日10时 验证
103.137.111.197,99,辽宁省沈阳市,高匿代理,2023年02月28日08时 验证
212.23.217.9,8080,海南省省直辖县级行政单位,高匿代理,2023年02月28日06时 验证
182.253.161.131,8080,湖北省宜昌市,高匿代理,2023年02月28日04时 验证
117.94.122.226,9000,河南省平顶山市,高匿代理,2023年02月28日02时 验证
171.227.194.206,4015,安徽省淮南市,高匿代理,2023年02月28日00时 验证
121.230.210.113,8089,重庆市,高匿代理,2023年02月27日22时 验证
8.218.70.17,59394,陕西省渭南市,高匿代理,2023年02月27日20时 验证
183.173.158.95,4780,广西壮族自治区南宁市,高匿代理,2023年02月27日18时 验证
1.162.4.204,80,辽宁省本溪市,高匿代理,2023年02月27日16时 验证
112.14.47.6,52024,山西省长治市,高匿代理,2023年02月27日14时 验证
176.235.131.229,9090,吉林省辽源市,高匿代理,2023年02月27日12时 验证
117.57.113.121,8089,山东省枣庄市,高匿代理,2023年02月27日10时 验证
183.165.225.56,8089,安徽省合肥市,高匿代理,2023年02月27日08时 验证
154.236.179.233,1981,天津市,高匿代理,2023年02月27日06时 验证
113.195.125.245,8085,青海省海东地区,高匿代理,2023年02月27日04时 验证
177.85.245.87,8088,陕西省渭南市,高匿代理,2023年02月27日02时 验证
153.34.19.236,8085,甘肃省嘉峪关市,高匿代理,2023年02月27日00时 验证
138.117.84.134,999,北京市市辖区,高匿代理,2023年02月26日22时 验证
49.70.89.185,8089,黑龙江省双鸭山市,高匿代理,2023年02月26日20时 验证
36.73.82.215,8080,辽宁省鞍山市,高匿代理,2023年02月26日18时 验证
60.173.47.244,8089,河北省秦皇岛市,高匿代理,2023年02月26日16时 验证
117.70.49.241,8089,黑龙江省齐齐哈尔市,高匿代理,2023年02月26日14时 验证
60.167.103.70,33080,广东省广州市,高匿代理,2023年02月26日12时 验证
202.180.54.97,8080,陕西省铜川市,高匿代理,2023年02月26日10时 验证
124.71.157.181,10443,河北省邯郸市,高匿代理,2023年02月26日08时 验证
183.88.68.109,8213,浙江省嘉兴市,高匿代理,2023年02月26日06时 验证
103.122.90.254,80,江苏省常州市,高匿代理,2023年02月26日04时 验证
188.213.31.16,80,陕西省西安市,高匿代理,2023年02月26日02时 验证
194.87.57.226,3128,浙江省杭州市,高匿代理,2023年02月26日00时 验证
45.156.29.53,9090,湖北省宜昌市,高匿代理,2023年02月25日22时 验证
180.112.215.128,5481,山西省晋城市,高匿代理,2023年02月25日20时 验证
149.129.184.250,20201,贵州省铜仁地区,高匿代理,2023年02月25日18时 验证
49.70.89.232,8089,四川省德阳市,高匿代理,2023年02月25日16时 验证
41.175.26.113,80,湖南省邵阳市,高匿代理,2023年02月25日14时 验证
171.247.176.12,4012,甘肃省嘉峪关市,高匿代理,2023年02月25日12时 验证
139.224.228.147,1080,吉林省长春市,高匿代理,2023年02月25日10时 验证
182.160.16.234,80,山东省淄博市,高匿代理,2023年02月25日08时 验证
103.82.157.102,8080,广西壮族自治区桂林市,高匿代理,2023年02月25日06时 验证
218.1.142.142,57114,西藏自治区那曲地区,高匿代理,2023年02月25日04时 验证
116.105.160.74,4013,河南省开封市,高匿代理,2023年02月25日02时 验证
111.224.11.203,8089,浙江省湖州市,高匿代理,2023年02月25日00时 验证
170.64.154.247,80,福建省泉州市,高匿代理,2023年02月24日22时 验证
167.71.199.228,8080,重庆市市辖区,高匿代理,2023年02月24日20时 验证
27.157.156.221,8089,陕西省宝鸡市,高匿代理,2023年02月24日18时 验证
103.250.68.10,8080,江苏省常州市,高匿代理,2023年02月24日16时 验证
212.154.23.30,9090,陕西省铜川市,高匿代理,2023年02月24日14时 验证
8.213.128.6,443,江西省九江市,高匿代理,2023年02月24日12时 验证
114.102.45.41,8089,四川省成都市,高匿代理,2023年02月24日10时 验证
91.202.230.219,8080,天津市,高匿代理,2023年02月24日08时 验证
121.230.210.171,8089,天津市,高匿代理,2023年02月24日06时 验证
45.160.148.103,8080,黑龙江省哈尔滨市,高匿代理,2023年02月24日04时 验证
120.34.216.241,8089,福建省三明市,高匿代理,2023年02月24日02时 验证
171.250.117.14,4015,河北省唐山市,高匿代理,2023年02月24日00时 验证
103.15.140.177,44759,四川省德阳市,高匿代理,2023年02月23日22时 验证
139.162.174.82,9002,青海省海北藏族自治州,高匿代理,2023年02月23日20时 验证
131.255.138.225,32650,贵州省贵阳市,高匿代理,2023年02月23日18时 验证
103.92.26.190,4002,黑龙江省鸡西市,高匿代理,2023年02月23日16时 验证
45.174.148.162,999,广东省深圳市,高匿代理,2023年02月23日14时 验证
103.87.169.177,32650,湖南省衡阳市,高匿代理,2023年02月23日12时 验证
200.106.236.142,3128,海南省省直辖县级行政单位,高匿代理,2023年02月23日10时 验证
221.6.215.202,9091,云南省昆明市,高匿代理,2023年02月23日08时 验证
222.190.208.65,8089,上海市,高匿代理,2023年02月23日06时 验证
103.174.81.66,8080,湖南省湘潭市,高匿代理,2023年02月23日04时 验证
196.189.149.115,80,浙江省温州市,高匿代理,2023年02月23日02时 验证
113.223.213.226,8089,宁夏回族自治区石嘴山市,高匿代理,2023年02月23日00时 验证
103.147.246.84,8080,海南省省直辖县级行政单位,高匿代理,2023年02月22日22时 验证
43.153.181.217,80,西藏自治区山南地区,高匿代理,2023年02月22日20时 验证
111.225.153.216,8089,重庆市市辖区,高匿代理,2023年02月22日18时 验证
117.40.176.42,9091,福建省泉州市,高匿代理,2023年02月22日16时 验证
185.135.157.89,8080,甘肃省兰州市,高匿代理,2023年02月22日14时 验证
190.164.3.187,999,浙江省嘉兴市,高匿代理,2023年02月22日12时 验证
146.190.231.87,80,吉林省吉林市,高匿代理,2023年02月22日10时 验证
103.86.159.25,6969,河南省洛阳市,高匿代理,2023年02月22日08时 验证
103.114.97.76,80,河南省安阳市,高匿代理,2023年02月22日06时 验证
211.194.214.128,9050,西藏自治区拉萨市,高匿代理,2023年02月22日04时 验证
101.200.124.141,59394,山西省长治市,高匿代理,2023年02月22日02时 验证
172.67.183.130,80,甘肃省兰州市,高匿代理,2023年02月22日00时 验证
124.193.74.9,80,宁夏回族自治区石嘴山市,高匿代理,2023年02月21日22时 验证
183.166.146.243,41122,湖北省武汉市,高匿代理,2023年02月21日20时 验证
52.54.58.234,80,云南省昭通市,高匿代理,2023年02月21日18时 验证
172.245.248.39,3128,重庆市市辖区,高匿代理,2023年02月21日16时 验证
103.120.132.228,32650,江西省萍乡市,高匿代理,2023年02月21日14时 验证
50.232.250.157,8080,陕西省咸阳市,高匿代理,2023年02月21日12时 验证
192.99.160.45,8080,江西省萍乡市,高匿代理,2023年02月21日10时 验证
114.231.46.124,8089,甘肃省金昌市,高匿代理,2023年02月21日08时 验证
178.218.43.60,4411,广东省汕头市,高匿代理,2023年02月21日06时 验证
185.195.106.250,23445,上海市,高匿代理,2023年02月21日04时 验证
177.53.214.221,999,青海省海东地区,高匿代理,2023年02月21日02时 验证
117.94.123.227,9000,北京市北京周边,高匿代理,2023年02月21日00时 验证
197.243.20.178,80,河南省郑州市,高匿代理,2023年02月20日22时 验证
134.236.147.147,8080,山东省济南市,高匿代理,2023年02月20日20时 验证
85.214.136.215,80,江苏省无锡市,高匿代理,2023年02月20日18时 验证
115.74.113.182,4005,贵州省安顺市,高匿代理,2023年02月20日16时 验证
45.156.29.136,9090,浙江省嘉兴市,高匿代理,2023年02月20日14时 验证
114.99.3.6,8089,江苏省徐州市,高匿代理,2023年02月20日12时 验证
103.125.162.134,83,湖南省邵阳市,高匿代理,2023年02月20日10时 验证
134.35.251.57,8080,江西省新余市,高匿代理,2023年02月20日08时 验证
45.70.236.194,999,西藏自治区山南地区,高匿代理,2023年02月20日06时 验证
111.225.153.181,8089,甘肃省金昌市,高匿代理,2023年02月20日04时 验证
120.202.128.112,9002,山西省长治市,高匿代理,2023年02月20日02时 验证
103.70.79.2,8080,新疆维吾尔自治区吐鲁番地区,高匿代理,2023年02月20日00时 验证
78.46.200.37,80,海南省,高匿代理,2023年02月19日22时 验证
170.64.150.132,1994,江苏省常州市,高匿代理,2023年02月19日20时 验证
45.156.29.56,9090,湖北省武汉市,高匿代理,2023年02月19日18时 验证
141.98.80.28,10084,西藏自治区昌都地区,高匿代理,2023年02月19日16时 验证
64.4.94.129,80,上海市市辖区,高匿代理,2023年02月19日14时 验证
189.252.150.162,80,山西省大同市,高匿代理,2023年02月19日12时 验证
54.38.231.178,8080,北京市,高匿代理,2023年02月19日10时 验证
49.236.212.101,80,新疆维吾尔自治区哈密地区,高匿代理,2023年02月19日08时 验证
202.152.51.44,8080,山西省长治市,高匿代理,2023年02月19日06时 验证
50.87.181.51,80,福建省三明市,高匿代理,2023年02月19日04时 验证
170.238.163.2,999,北京市,高匿代理,2023年02月19日02时 验证
103.153.247.102,8080,广东省深圳市,高匿代理,2023年02月19日00时 验证
92.207.253.226,38157,黑龙江省鸡西市,高匿代理,2023年02月18日22时 验证
41.33.47.147,1981,山西省长治市,高匿代理,2023年02月18日20时 验证
36.93.174.103,80,湖北省十堰市,高匿代理,2023年02月18日18时 验证
8.210.83.33,80,江苏省常州市,高匿代理,2023年02月18日16时 验证
165.225.62.12,80,西藏自治区那曲地区,高匿代理,2023年02月18日14时 验证
150.129.5.229,8080,西藏自治区拉萨市,高匿代理,2023年02月18日12时 验证
45.156.29.6,9090,甘肃省天水市,高匿代理,2023年02月18日10时 验证
45.119.9.158,808,江西省南昌市,高匿代理,2023年02月18日08时 验证
104.20.0.87,80,新疆维吾尔自治区乌鲁木齐市,高匿代理,2023年02月18日06时 验证
45.156.31.80,9090,广东省广州市,高匿代理,2023年02月18日04时 验证
36.95.15.149,8080,青海省黄南藏族自治州,高匿代理,2023年02月18日02时 验证
104.239.113.74,3199,陕西省宝鸡市,高匿代理,2023年02月18日00时 验证
180.191.22.200,8080,湖北省黄石市,高匿代理,2023年02月17日22时 验证
181.113.225.178,80,福建省厦门市,高匿代理,2023年02月17日20时 验证
185.169.232.235,12000,河南省安阳市,高匿代理,2023年02月17日18时 验证
191.103.219.225,48612,湖北省武汉市,高匿代理,2023年02月17日16时 验证
1.1.1.20,80,贵州省安顺市,高匿代理,2023年02月17日14时 验证
113.212.87.242,83,云南省曲靖市,高匿代理,2023年02月17日12时 验证
184.82.130.44,8080,云南省保山市,高匿代理,2023年02月17日10时 验证
104.21.19.4,80,湖北省宜昌市,高匿代理,2023年02月17日08时 验证
91.229.114.20,80,青海省海东地区,高匿代理,2023年02月17日06时 验证
35.227.57.1,3128,辽宁省本溪市,高匿代理,2023年02月17日04时 验证
154.64.118.9,80,西藏自治区山南地区,高匿代理,2023年02月17日02时 验证
79.127.56.147,8080,内蒙古自治区乌海市,高匿代理,2023年02月17日00时 验证
151.42.0.177,80,湖南省株洲市,高匿代理,2023年02月16日22时 验证
45.156.31.92,9090,四川省德阳市,高匿代理,2023年02月16日18时 验证
45.42.177.9,3128,浙江省嘉兴市,高匿代理,2023年02月16日16时 验证
138.201.118.227,80,广西壮族自治区北海市,高匿代理,2023年02月16日14时 验证
150.242.249.79,80,贵州省遵义市,高匿代理,2023年02月16日12时 验证
66.147.244.198,80,福建省三明市,高匿代理,2023年02月16日10时 验证
103.242.104.213,1080,河南省开封市,高匿代理,2023年02月16日08时 验证
211.136.100.154,7302,新疆维吾尔自治区克拉玛依市,高匿代理,2023年02月16日06时 验证
45.186.60.31,8085,内蒙古自治区乌海市,高匿代理,2023年02月16日04时 验证
103.214.238.42,8080,安徽省淮南市,高匿代理,2023年02月16日02时 验证
200.125.171.196,999,广西壮族自治区梧州市,高匿代理,2023年02月16日00时 验证
102.130.192.231,8080,海南省海口市,高匿代理,2023年02月15日22时 验证
161.97.92.160,80,浙江省宁波市,高匿代理,2023年02月15日20时 验证
45.156.29.16,9090,内蒙古自治区包头市,高匿代理,2023年02月15日18时 验证
34.85.18.251,8080,青海省西宁市,高匿代理,2023年02月15日16时 验证
125.27.154.18,8080,天津市市辖区,高匿代理,2023年02月15日14时 验证
197.232.65.40,55443,湖南省邵阳市,高匿代理,2023年02月15日12时 验证
117.121.224.50,80,河北省邯郸市,高匿代理,2023年02月15日10时 验证
203.28.8.252,80,云南省玉溪市,高匿代理,2023年02月15日08时 验证
8.209.253.237,9002,上海市,高匿代理,2023年02月15日06时 验证
119.82.240.149,6060,上海市市辖区,高匿代理,2023年02月15日04时 验证
103.75.117.21,4443,四川省攀枝花市,高匿代理,2023年02月15日02时 验证
34.102.37.58,80,重庆市市,高匿代理,2023年02月15日00时 验证
104.129.206.199,8800,新疆维吾尔自治区乌鲁木齐市,高匿代理,2023年02月14日22时 验证
104.129.194.156,8800,黑龙江省哈尔滨市,高匿代理,2023年02月14日20时 验证
170.80.202.242,999,贵州省贵阳市,高匿代理,2023年02月14日18时 验证
183.131.85.16,7302,上海市,高匿代理,2023年02月14日16时 验证
103.173.138.238,8080,宁夏回族自治区固原市,高匿代理,2023年02月14日14时 验证
103.31.109.59,3128,云南省曲靖市,高匿代理,2023年02月14日12时 验证
104.19.186.16,80,广西壮族自治区南宁市,高匿代理,2023年02月14日10时 验证
45.236.17.93,8085,江苏省常州市,高匿代理,2023年02月14日08时 验证
41.74.91.244,80,海南省省直辖县级行政单位,高匿代理,2023年02月14日06时 验证
190.186.1.126,999,安徽省合肥市,高匿代理,2023年02月14日04时 验证
202.53.171.114,8080,贵州省贵阳市,高匿代理,2023年02月14日02时 验证
176.57.184.213,80,宁夏回族自治区吴忠市,高匿代理,2023年02月14日00时 验证
184.95.3.154,8888,湖南省衡阳市,高匿代理,2023年02月13日22时 验证
203.24.109.143,80,广东省珠海市,高匿代理,2023年02月13日20时 验证
129.205.106.42,8080,湖北省武汉市,高匿代理,2023年02月13日18时 验证
91.93.118.3,8090,北京市,高匿代理,2023年02月13日16时 验证
103.120.175.243,9191,贵州省遵义市,高匿代理,2023年02月13日14时 验证
103.53.170.199,3128,黑龙江省鸡西市,高匿代理,2023年02月13日12时 验证
139.180.141.60,55538,山东省枣庄市,高匿代理,2023年02月13日10时 验证
136.226.18.238,80,广西壮族自治区梧州市,高匿代理,2023年02月13日06时 验证
125.25.82.48,8081,河南省平顶山市,高匿代理,2023年02月13日04时 验证
117.54.11.85,3128,西藏自治区山南地区,高匿代理,2023年02月13日02时 验证
85.159.214.61,80,辽宁省鞍山市,高匿代理,2023年02月13日00时 验证
212.101.74.75,443,江西省新余市,高匿代理,2023年02月12日22时 验证
216.127.188.18,1994,江西省九江市,高匿代理,2023年02月12日20时 验证
77.51.204.218,8080,青海省海南藏族自治州,高匿代理,2023年02月12日18时 验证
202.180.20.10,55443,海南省省直辖县级行政单位,高匿代理,2023年02月12日16时 验证
80.87.213.45,8080,河南省安阳市,高匿代理,2023年02月12日14时 验证
185.245.81.158,12444,浙江省温州市,高匿代理,2023年02月12日12时 验证
91.196.148.56,10000,河南省安阳市,高匿代理,2023年02月12日10时 验证
186.3.38.212,999,内蒙古自治区乌海市,高匿代理,2023年02月12日08时 验证
197.254.97.252,80,吉林省吉林市,高匿代理,2023年02月12日06时 验证
139.180.165.197,3128,海南省三亚市,高匿代理,2023年02月12日04时 验证
92.118.132.125,8080,甘肃省嘉峪关市,高匿代理,2023年02月12日02时 验证
88.87.95.143,5948,辽宁省抚顺市,高匿代理,2023年02月12日00时 验证
104.129.202.169,8800,河南省平顶山市,高匿代理,2023年02月11日22时 验证
103.6.177.174,8002,西藏自治区昌都地区,高匿代理,2023年02月11日20时 验证
203.30.191.46,80,天津市,高匿代理,2023年02月11日18时 验证
189.90.244.154,9999,上海市,高匿代理,2023年02月11日16时 验证
181.49.217.254,8080,宁夏回族自治区石嘴山市,高匿代理,2023年02月11日14时 验证
93.126.86.77,41890,云南省昆明市,高匿代理,2023年02月11日12时 验证
91.229.114.136,80,河北省石家庄市,高匿代理,2023年02月11日10时 验证
177.69.214.155,53281,云南省昆明市,高匿代理,2023年02月11日08时 验证
52.77.184.48,80,湖南省邵阳市,高匿代理,2023年02月11日06时 验证
152.136.123.249,808,广西壮族自治区梧州市,高匿代理,2023年02月11日04时 验证
43.243.140.198,8080,广西壮族自治区桂林市,高匿代理,2023年02月11日02时 验证
187.62.191.3,61456,山西省长治市,高匿代理,2023年02月11日00时 验证
13.235.232.208,80,湖南省湘潭市,高匿代理,2023年02月10日22时 验证
160.179.180.251,80,海南省省直辖县级行政单位,高匿代理,2023年02月10日20时 验证
213.6.148.95,9999,广东省广州市,高匿代理,2023年02月10日18时 验证
177.135.42.172,8080,青海省西宁市,高匿代理,2023年02月10日16时 验证
179.43.81.135,80,福建省福州市,高匿代理,2023年02月10日14时 验证
104.129.192.200,8800,甘肃省白银市,高匿代理,2023年02月10日12时 验证
198.12.148.76,80,四川省自贡市,高匿代理,2023年02月10日10时 验证
158.69.53.98,9300,湖北省黄石市,高匿代理,2023年02月10日08时 验证
194.44.93.102,3128,重庆市市辖区,高匿代理,2023年02月10日06时 验证
113.124.86.24,9999,天津市天津周边,高匿代理,2023年02月10日04时 验证
45.156.29.215,9090,湖南省邵阳市,高匿代理,2023年02月10日02时 验证
103.81.214.254,83,上海市市辖区,高匿代理,2023年02月10日00时 验证
36.37.120.237,80,天津市天津周边,高匿代理,2023年02月09日22时 验证
41.243.7.18,8080,宁夏回族自治区石嘴山市,高匿代理,2023年02月09日20时 验证
45.7.177.197,34234,江苏省无锡市,高匿代理,2023年02月09日18时 验证
104.192.202.11,8080,河南省安阳市,高匿代理,2023年02月09日16时 验证
103.153.136.188,8080,河北省石家庄市,高匿代理,2023年02月09日14时 验证
139.5.73.71,8080,河南省洛阳市,高匿代理,2023年02月09日12时 验证
175.101.80.225,8080,湖北省武汉市,高匿代理,2023年02月09日10时 验证
45.152.188.231,3128,四川省德阳市,高匿代理,2023年02月09日08时 验证
104.129.198.133,8800,甘肃省嘉峪关市,高匿代理,2023年02月09日06时 验证
109.195.23.223,34031,上海市上海周边,高匿代理,2023年02月09日04时 验证
188.133.153.161,1256,贵州省六盘水市,高匿代理,2023年02月09日02时 验证
45.171.145.134,8080,广东省珠海市,高匿代理,2023年02月09日00时 验证
87.76.1.69,8080,安徽省马鞍山市,高匿代理,2023年02月08日22时 验证
94.23.195.154,80,浙江省温州市,高匿代理,2023年02月08日20时 验证
202.137.121.109,8080,湖北省黄石市,高匿代理,2023年02月08日18时 验证
71.25.47.187,8080,浙江省温州市,高匿代理,2023年02月08日16时 验证
190.121.207.158,999,广西壮族自治区南宁市,高匿代理,2023年02月08日14时 验证
203.24.103.237,80,黑龙江省双鸭山市,高匿代理,2023年02月08日12时 验证
94.140.242.221,8080,海南省海口市,高匿代理,2023年02月08日10时 验证
36.94.58.26,4480,河南省郑州市,高匿代理,2023年02月08日08时 验证
202.62.45.209,41890,安徽省合肥市,高匿代理,2023年02月08日06时 验证
131.106.216.130,8080,福建省福州市,高匿代理,2023年02月08日04时 验证
24.106.221.230,53281,北京市北京周边,高匿代理,2023年02月08日02时 验证
45.156.29.109,9090,山东省济南市,高匿代理,2023年02月08日00时 验证
190.109.16.145,999,福建省厦门市,高匿代理,2023年02月07日22时 验证
41.204.87.90,8080,上海市,高匿代理,2023年02月07日20时 验证
103.141.142.57,10035,宁夏回族自治区固原市,高匿代理,2023年02月07日18时 验证
173.82.20.178,1994,辽宁省大连市,高匿代理,2023年02月07日16时 验证
47.101.153.1,80,广东省珠海市,高匿代理,2023年02月07日14时 验证
103.162.63.14,3127,陕西省宝鸡市,高匿代理,2023年02月07日12时 验证
66.29.154.103,3128,江苏省无锡市,高匿代理,2023年02月07日10时 验证
41.161.92.138,8080,福建省厦门市,高匿代理,2023年02月07日08时 验证
104.129.194.100,8800,河南省开封市,高匿代理,2023年02月07日06时 验证
8.242.205.41,9991,广西壮族自治区南宁市,高匿代理,2023年02月07日04时 验证
192.140.42.81,47277,新疆维吾尔自治区昌吉回族自治州,高匿代理,2023年02月07日02时 验证
45.12.31.81,80,广西壮族自治区梧州市,高匿代理,2023年02月07日00时 验证
144.48.62.172,12000,湖南省邵阳市,高匿代理,2023年02月06日22时 验证
111.225.153.138,8089,广东省广州市,高匿代理,2023年02月06日18时 验证
130.185.225.240,3128,河南省洛阳市,高匿代理,2023年02月06日10时 验证
154.64.117.192,80,甘肃省天水市,高匿代理,2023年02月06日08时 验证
211.62.60.114,3128,吉林省长春市,高匿代理,2023年02月06日06时 验证
103.165.128.171,8080,贵州省六盘水市,高匿代理,2023年02月06日04时 验证
124.77.80.182,9000,江苏省苏州市,高匿代理,2023年02月06日02时 验证
45.55.57.204,443,海南省,高匿代理,2023年02月06日00时 验证
50.206.25.110,80,陕西省铜川市,高匿代理,2023年02月05日22时 验证
27.72.149.205,8080,河北省邯郸市,高匿代理,2023年02月05日20时 验证
103.77.185.122,80,西藏自治区那曲地区,高匿代理,2023年02月05日18时 验证
206.81.2.180,3128,江西省南昌市,高匿代理,2023年02月05日16时 验证
158.255.254.2,3128,内蒙古自治区通辽市,高匿代理,2023年02月05日14时 验证
111.225.153.12,8089,西藏自治区拉萨市,高匿代理,2023年02月05日12时 验证
45.231.170.137,999,内蒙古自治区通辽市,高匿代理,2023年02月05日10时 验证
185.195.105.164,12333,浙江省嘉兴市,高匿代理,2023年02月05日08时 验证
185.245.81.140,12444,新疆维吾尔自治区乌鲁木齐市,高匿代理,2023年02月05日06时 验证
24.172.34.114,49920,广东省珠海市,高匿代理,2023年02月05日02时 验证
186.3.38.205,999,上海市,高匿代理,2023年02月05日00时 验证
47.91.95.174,8888,海南省三亚市,高匿代理,2023年02月04日22时 验证
92.255.205.129,8080,山西省阳泉市,高匿代理,2023年02月04日20时 验证
163.116.158.142,8081,湖南省邵阳市,高匿代理,2023年02月04日18时 验证
182.23.35.242,8080,吉林省通化市,高匿代理,2023年02月04日16时 验证
131.100.51.250,999,安徽省芜湖市,高匿代理,2023年02月04日14时 验证
185.162.231.106,80,内蒙古自治区包头市,高匿代理,2023年02月04日12时 验证
178.152.20.67,8080,湖北省宜昌市,高匿代理,2023年02月04日10时 验证
181.65.200.53,80,新疆维吾尔自治区克拉玛依市,高匿代理,2023年02月04日08时 验证
190.61.57.42,8080,西藏自治区日喀则地区,高匿代理,2023年02月04日06时 验证
104.223.37.151,1994,北京市,高匿代理,2023年02月04日04时 验证
206.81.11.75,80,河南省开封市,高匿代理,2023年02月04日02时 验证
43.241.28.55,8080,安徽省芜湖市,高匿代理,2023年02月04日00时 验证
140.227.25.191,23456,浙江省湖州市,高匿代理,2023年02月03日22时 验证
103.154.231.136,8080,河南省洛阳市,高匿代理,2023年02月03日20时 验证
154.236.184.84,1976,宁夏回族自治区吴忠市,高匿代理,2023年02月03日18时 验证
144.217.7.157,9300,湖南省株洲市,高匿代理,2023年02月03日16时 验证
103.83.178.205,2016,山西省长治市,高匿代理,2023年02月03日14时 验证
89.237.34.17,37647,湖南省衡阳市,高匿代理,2023年02月03日12时 验证
103.254.185.195,53281,河南省开封市,高匿代理,2023年02月03日10时 验证
104.129.192.101,8800,四川省泸州市,高匿代理,2023年02月03日08时 验证
45.8.104.9,80,四川省德阳市,高匿代理,2023年02月03日06时 验证
195.26.139.34,80,内蒙古自治区乌海市,高匿代理,2023年02月03日04时 验证
45.189.57.62,9090,内蒙古自治区包头市,高匿代理,2023年02月03日02时 验证
202.131.159.210,80,四川省泸州市,高匿代理,2023年02月03日00时 验证
188.240.192.92,8090,天津市市辖区,高匿代理,2023年02月02日22时 验证
45.189.255.2,999,新疆维吾尔自治区哈密地区,高匿代理,2023年02月02日20时 验证
179.60.240.69,53281,贵州省安顺市,高匿代理,2023年02月02日18时 验证
45.156.29.90,9090,江苏省徐州市,高匿代理,2023年02月02日16时 验证
212.95.180.50,53281,江西省新余市,高匿代理,2023年02月02日14时 验证
14.139.173.182,80,陕西省西安市,高匿代理,2023年02月02日12时 验证
114.55.84.12,30001,山西省阳泉市,高匿代理,2023年02月02日10时 验证
14.226.31.148,8080,四川省攀枝花市,高匿代理,2023年02月02日08时 验证
210.201.86.72,8080,西藏自治区山南地区,高匿代理,2023年02月02日06时 验证
112.78.131.91,8080,安徽省马鞍山市,高匿代理,2023年02月02日04时 验证
89.218.5.106,37717,山东省东营市,高匿代理,2023年02月02日02时 验证
87.254.171.64,3333,广西壮族自治区北海市,高匿代理,2023年02月02日00时 验证
103.16.133.226,8080,安徽省合肥市,高匿代理,2023年02月01日22时 验证
182.253.109.160,8080,江苏省苏州市,高匿代理,2023年02月01日18时 验证
117.4.115.169,8080,湖北省武汉市,高匿代理,2023年02月01日16时 验证
71.14.23.121,8080,西藏自治区山南地区,高匿代理,2023年02月01日14时 验证
190.103.28.93,999,江苏省南京市,高匿代理,2023年02月01日12时 验证
5.157.46.207,41002,陕西省宝鸡市,高匿代理,2023年02月01日10时 验证
218.185.234.194,8080,山东省青岛市,高匿代理,2023年02月01日08时 验证
197.211.45.4,10000,河南省郑州市,高匿代理,2023年02月01日06时 验证
77.236.236.38,10000,四川省德阳市,高匿代理,2023年02月01日04时 验证
181.119.3.1,999,河南省平顶山市,高匿代理,2023年02月01日02时 验证
103.213.237.129,8080,山东省淄博市,高匿代理,2023年02月01日00时 验证
39.96.140.81,8118,广西壮族自治区桂林市,高匿代理,2023年01月31日22时 验证
38.7.16.188,999,广东省广州市,高匿代理,2023年01月31日18时 验证
43.229.84.159,80,安徽省马鞍山市,高匿代理,2023年01月31日16时 验证
47.91.44.217,8000,山西省太原市,高匿代理,2023年01月31日14时 验证
45.5.145.164,8090,吉林省四平市,高匿代理,2023年01月31日12时 验证
218.1.142.120,57114,广东省广州市,高匿代理,2023年01月31日10时 验证
103.209.230.113,8080,内蒙古自治区通辽市,高匿代理,2023年01月31日08时 验证
38.9.141.79,8080,湖北省宜昌市,高匿代理,2023年01月31日06时 验证
68.183.128.249,80,天津市,高匿代理,2023年01月31日04时 验证
123.200.20.242,58847,四川省攀枝花市,高匿代理,2023年01月31日02时 验证
202.131.159.226,80,贵州省安顺市,高匿代理,2023年01月31日00时 验证
185.245.81.151,12444,湖北省武汉市,高匿代理,2023年01月30日22时 验证
101.6.65.140,4780,重庆市市,高匿代理,2023年01月30日20时 验证
41.79.9.246,8080,湖北省十堰市,高匿代理,2023年01月30日18时 验证
41.186.44.106,3128,江西省新余市,高匿代理,2023年01月30日16时 验证
45.190.170.254,999,辽宁省抚顺市,高匿代理,2023年01月30日14时 验证
185.198.190.164,12444,北京市北京周边,高匿代理,2023年01月30日12时 验证
20.239.2.157,80,江西省新余市,高匿代理,2023年01月30日10时 验证
170.0.87.207,999,新疆维吾尔自治区克拉玛依市,高匿代理,2023年01月30日08时 验证
212.162.68.121,80,西藏自治区昌都地区,高匿代理,2023年01月30日06时 验证
185.195.107.114,23445,云南省曲靖市,高匿代理,2023年01月30日04时 验证
109.236.82.32,80,青海省海南藏族自治州,高匿代理,2023年01月30日02时 验证
104.19.142.56,80,西藏自治区那曲地区,高匿代理,2023年01月30日00时 验证
203.150.128.240,8080,西藏自治区拉萨市,高匿代理,2023年01月29日22时 验证
120.232.194.134,8998,新疆维吾尔自治区昌吉回族自治州,高匿代理,2023年01月29日18时 验证
116.203.201.82,8443,青海省黄南藏族自治州,高匿代理,2023年01月29日14时 验证
102.68.128.210,8080,山东省淄博市,高匿代理,2023年01月29日12时 验证
196.250.239.229,8787,海南省,高匿代理,2023年01月29日10时 验证
103.166.29.27,3125,陕西省宝鸡市,高匿代理,2023年01月29日08时 验证
138.91.159.185,80,湖南省长沙市,高匿代理,2023年01月29日06时 验证
177.22.36.92,3130,四川省泸州市,高匿代理,2023年01月29日04时 验证
161.132.122.62,999,陕西省渭南市,高匿代理,2023年01月29日00时 验证
95.111.236.114,80,河南省洛阳市,高匿代理,2023年01月28日22时 验证
36.67.27.189,39674,河南省开封市,高匿代理,2023年01月28日20时 验证
189.201.153.89,999,湖南省衡阳市,高匿代理,2023年01月28日18时 验证
103.122.202.2,8080,福建省三明市,高匿代理,2023年01月28日16时 验证
45.137.40.69,8622,陕西省咸阳市,高匿代理,2023年01月28日14时 验证
202.109.157.61,9000,辽宁省大连市,高匿代理,2023年01月28日12时 验证
197.254.97.255,80,甘肃省天水市,高匿代理,2023年01月28日10时 验证
188.34.181.148,3897,浙江省湖州市,高匿代理,2023年01月28日08时 验证
80.179.140.189,80,广东省汕头市,高匿代理,2023年01月28日06时 验证
103.119.95.2,80,上海市,高匿代理,2023年01月28日04时 验证
198.255.161.102,80,安徽省马鞍山市,高匿代理,2023年01月28日02时 验证
81.22.190.38,80,广西壮族自治区梧州市,高匿代理,2023年01月28日00时 验证
185.174.109.250,41002,北京市市辖区,高匿代理,2023年01月27日22时 验证
34.253.149.48,7121,河南省平顶山市,高匿代理,2023年01月27日20时 验证
104.18.16.111,80,吉林省辽源市,高匿代理,2023年01月27日18时 验证
203.34.28.153,80,内蒙古自治区呼和浩特市,高匿代理,2023年01月27日14时 验证
202.162.216.186,80,黑龙江省双鸭山市,高匿代理,2023年01月27日12时 验证
154.64.117.214,80,新疆维吾尔自治区吐鲁番地区,高匿代理,2023年01月27日08时 验证
103.118.127.218,6969,辽宁省抚顺市,高匿代理,2023年01月27日06时 验证
109.71.66.50,80,山西省大同市,高匿代理,2023年01月27日04时 验证
128.140.225.49,80,安徽省淮南市,高匿代理,2023年01月27日02时 验证
52.43.43.201,80,新疆维吾尔自治区昌吉回族自治州,高匿代理,2023年01月27日00时 验证
203.89.126.250,80,辽宁省沈阳市,高匿代理,2023年01月26日22时 验证
104.129.192.59,10605,云南省保山市,高匿代理,2023年01月26日20时 验证
38.41.29.78,8080,重庆市,高匿代理,2023年01月26日18时 验证
176.118.50.239,53281,安徽省蚌埠市,高匿代理,2023年01月26日16时 验证
124.70.205.56,50001,天津市,高匿代理,2023年01月26日14时 验证
111.225.152.196,8089,四川省德阳市,高匿代理,2023年01月26日12时 验证
172.67.22.228,80,江西省萍乡市,高匿代理,2023年01月26日10时 验证
110.242.49.227,8080,湖北省十堰市,高匿代理,2023年01月26日08时 验证
213.239.207.123,80,四川省成都市,高匿代理,2023年01月26日06时 验证
45.56.75.90,44554,北京市,高匿代理,2023年01月26日04时 验证
159.89.175.22,8888,河南省平顶山市,高匿代理,2023年01月26日02时 验证
156.38.221.194,80,海南省,高匿代理,2023年01月26日00时 验证
82.140.62.58,80,江苏省常州市,高匿代理,2023年01月25日22时 验证
216.10.0.43,3199,山西省阳泉市,高匿代理,2023年01月25日20时 验证
5.44.54.16,8080,内蒙古自治区赤峰市,高匿代理,2023年01月25日18时 验证
103.81.194.68,80,新疆维吾尔自治区哈密地区,高匿代理,2023年01月25日16时 验证
45.167.253.129,999,天津市,高匿代理,2023年01月25日14时 验证
185.195.105.78,12333,北京市市辖区,高匿代理,2023年01月25日12时 验证
154.0.12.57,8080,上海市上海周边,高匿代理,2023年01月25日10时 验证
103.124.136.14,80,山东省东营市,高匿代理,2023年01月25日08时 验证
120.26.0.11,8880,辽宁省抚顺市,高匿代理,2023年01月25日06时 验证
45.156.29.211,9090,广东省汕头市,高匿代理,2023年01月25日04时 验证
14.170.154.193,19132,黑龙江省哈尔滨市,高匿代理,2023年01月25日02时 验证
136.243.113.62,3128,福建省福州市,高匿代理,2023年01月25日00时 验证
45.160.15.1,999,西藏自治区拉萨市,高匿代理,2023年01月24日22时 验证
80.87.200.140,9050,吉林省吉林市,高匿代理,2023年01月24日20时 验证
149.202.83.204,7080,安徽省蚌埠市,高匿代理,2023年01月24日16时 验证
94.24.242.194,8080,湖北省襄樊市,高匿代理,2023年01月24日14时 验证
61.29.96.146,80,湖北省黄石市,高匿代理,2023年01月24日12时 验证
104.18.9.98,80,广东省珠海市,高匿代理,2023年01月24日10时 验证
189.82.62.163,8080,湖南省衡阳市,高匿代理,2023年01月24日08时 验证
103.109.95.133,8080,四川省德阳市,高匿代理,2023年01月24日06时 验证
222.252.23.5,8080,河南省洛阳市,高匿代理,2023年01月24日04时 验证
196.251.222.154,8080,江西省南昌市,高匿代理,2023年01月24日02时 验证
173.212.213.133,3128,河北省唐山市,高匿代理,2023年01月24日00时 验证
103.31.235.102,8080,重庆市市辖区,高匿代理,2023年01月23日22时 验证
203.34.28.67,80,甘肃省金昌市,高匿代理,2023年01月23日20时 验证
213.32.75.88,9300,四川省自贡市,高匿代理,2023年01月23日18时 验证
118.97.47.249,55443,海南省海口市,高匿代理,2023年01月23日16时 验证
185.245.81.185,12444,江西省九江市,高匿代理,2023年01月23日14时 验证
36.74.124.186,80,吉林省辽源市,高匿代理,2023年01月23日12时 验证
138.219.244.154,6666,四川省成都市,高匿代理,2023年01月23日10时 验证
117.54.114.100,80,广西壮族自治区柳州市,高匿代理,2023年01月23日06时 验证
104.18.6.138,80,湖北省武汉市,高匿代理,2023年01月23日02时 验证
41.77.13.186,53281,云南省昭通市,高匿代理,2023年01月23日00时 验证
81.2.249.163,80,江西省九江市,高匿代理,2023年01月22日22时 验证
136.226.33.104,80,江苏省徐州市,高匿代理,2023年01月22日20时 验证
179.189.125.222,8080,福建省泉州市,高匿代理,2023年01月22日16时 验证
95.217.84.58,8118,四川省成都市,高匿代理,2023年01月22日14时 验证
90.145.221.186,80,吉林省长春市,高匿代理,2023年01月22日10时 验证
116.197.130.71,80,广西壮族自治区北海市,高匿代理,2023年01月22日08时 验证
105.112.95.133,8080,广西壮族自治区南宁市,高匿代理,2023年01月22日06时 验证
50.206.25.104,80,江西省南昌市,高匿代理,2023年01月22日04时 验证
46.231.72.244,8080,湖南省株洲市,高匿代理,2023年01月22日02时 验证
130.193.43.127,3128,内蒙古自治区通辽市,高匿代理,2023年01月22日00时 验证
43.243.142.60,59916,内蒙古自治区通辽市,高匿代理,2023年01月21日22时 验证
102.244.192.150,8080,浙江省杭州市,高匿代理,2023年01月21日20时 验证
195.154.243.54,80,重庆市市辖区,高匿代理,2023年01月21日18时 验证
93.105.40.62,41258,广西壮族自治区南宁市,高匿代理,2023年01月21日14时 验证
38.51.243.145,999,山西省大同市,高匿代理,2023年01月21日12时 验证
199.168.122.217,3199,河南省郑州市,高匿代理,2023年01月21日10时 验证
12.88.29.66,9080,江苏省无锡市,高匿代理,2023年01月21日08时 验证
103.131.157.174,8080,重庆市重庆周边,高匿代理,2023年01月21日06时 验证
139.0.4.34,8080,安徽省合肥市,高匿代理,2023年01月21日04时 验证
179.1.73.100,999,陕西省西安市,高匿代理,2023年01月21日02时 验证
104.129.192.183,8800,北京市,高匿代理,2023年01月21日00时 验证
103.164.56.122,8080,重庆市市,高匿代理,2023年01月20日22时 验证
182.23.77.122,8080,山东省济南市,高匿代理,2023年01月20日20时 验证
181.129.74.58,40667,安徽省淮南市,高匿代理,2023年01月20日18时 验证
103.187.117.10,8080,辽宁省本溪市,高匿代理,2023年01月20日14时 验证
45.173.6.5,999,黑龙江省哈尔滨市,高匿代理,2023年01月20日10时 验证
41.203.83.242,8080,河北省石家庄市,高匿代理,2023年01月20日08时 验证
176.110.121.90,21776,上海市,高匿代理,2023年01月20日06时 验证
51.222.158.127,80,天津市,高匿代理,2023年01月20日04时 验证
104.26.14.126,80,江苏省南京市,高匿代理,2023年01月20日02时 验证
46.101.156.28,80,湖北省十堰市,高匿代理,2023年01月20日00时 验证
194.233.82.89,80,贵州省遵义市,高匿代理,2023年01月19日20时 验证
109.254.75.200,9090,黑龙江省双鸭山市,高匿代理,2023年01月19日18时 验证
95.111.230.236,3128,江西省萍乡市,高匿代理,2023年01月19日16时 验证
216.155.89.66,999,甘肃省金昌市,高匿代理,2023年01月19日14时 验证
104.19.143.56,80,云南省保山市,高匿代理,2023年01月19日12时 验证
70.177.15.10,8080,上海市,高匿代理,2023年01月19日10时 验证
178.151.205.154,45099,重庆市市辖区,高匿代理,2023年01月19日08时 验证
202.72.220.83,80,上海市,高匿代理,2023年01月19日06时 验证
200.229.147.2,999,山东省东营市,高匿代理,2023年01月19日04时 验证
162.159.242.62,80,湖北省襄樊市,高匿代理,2023年01月19日02时 验证
14.192.3.161,83,河北省唐山市,高匿代理,2023年01月19日00时 验证
83.12.149.202,8080,广东省深圳市,高匿代理,2023年01月18日22时 验证
103.43.151.36,80,天津市,高匿代理,2023年01月18日20时 验证
116.203.193.173,80,宁夏回族自治区石嘴山市,高匿代理,2023年01月18日18时 验证
203.112.74.35,8080,云南省昆明市,高匿代理,2023年01月18日14时 验证
39.106.48.114,8086,海南省,高匿代理,2023年01月18日12时 验证
116.68.170.115,8019,黑龙江省鸡西市,高匿代理,2023年01月18日10时 验证
192.140.102.162,8080,北京市,高匿代理,2023年01月18日08时 验证
47.93.239.66,1080,广西壮族自治区北海市,高匿代理,2023年01月18日06时 验证
213.222.34.200,53281,上海市上海周边,高匿代理,2023年01月18日04时 验证
95.211.4.70,80,山东省东营市,高匿代理,2023年01月18日02时 验证
188.133.158.145,8080,甘肃省嘉峪关市,高匿代理,2023年01月17日22时 验证
202.179.188.54,8080,吉林省辽源市,高匿代理,2023年01月17日20时 验证
5.61.38.247,3128,福建省三明市,高匿代理,2023年01月17日18时 验证
83.136.233.113,80,上海市,高匿代理,2023年01月17日16时 验证
41.106.5.117,80,四川省德阳市,高匿代理,2023年01月17日14时 验证
188.133.136.86,1256,辽宁省沈阳市,高匿代理,2023年01月17日12时 验证
175.111.129.154,8080,内蒙古自治区包头市,高匿代理,2023年01月17日10时 验证
136.243.113.41,3128,西藏自治区拉萨市,高匿代理,2023年01月17日08时 验证
170.79.88.38,999,西藏自治区拉萨市,高匿代理,2023年01月17日06时 验证
163.172.28.22,80,江苏省常州市,高匿代理,2023年01月17日02时 验证
104.248.153.6,80,天津市,高匿代理,2023年01月17日00时 验证
45.156.31.153,9090,西藏自治区日喀则地区,高匿代理,2023年01月16日22时 验证
103.159.195.25,8080,广西壮族自治区桂林市,高匿代理,2023年01月16日20时 验证
199.60.103.31,80,上海市,高匿代理,2023年01月16日18时 验证
190.8.36.34,999,河南省郑州市,高匿代理,2023年01月16日16时 验证
116.203.20.249,8888,西藏自治区山南地区,高匿代理,2023年01月16日14时 验证
104.248.194.24,80,河南省开封市,高匿代理,2023年01月16日12时 验证
45.248.138.150,8080,江苏省苏州市,高匿代理,2023年01月16日10时 验证
203.215.181.219,36342,甘肃省嘉峪关市,高匿代理,2023年01月16日08时 验证
172.67.181.113,80,西藏自治区那曲地区,高匿代理,2023年01月16日06时 验证
117.54.114.101,80,辽宁省大连市,高匿代理,2023年01月16日04时 验证
129.213.69.94,80,辽宁省鞍山市,高匿代理,2023年01月16日02时 验证
218.1.200.137,57114,广西壮族自治区南宁市,高匿代理,2023年01月16日00时 验证
114.37.214.158,80,河北省邢台市,高匿代理,2023年01月15日22时 验证
177.73.248.26,55290,山东省枣庄市,高匿代理,2023年01月15日20时 验证
203.243.63.16,80,江西省景德镇市,高匿代理,2023年01月15日16时 验证
185.58.17.213,8080,广西壮族自治区柳州市,高匿代理,2023年01月15日14时 验证
103.224.48.38,31433,四川省成都市,高匿代理,2023年01月15日10时 验证
36.90.60.30,8080,湖北省黄石市,高匿代理,2023年01月15日08时 验证
201.174.17.126,999,云南省保山市,高匿代理,2023年01月15日06时 验证
117.160.250.133,80,山东省济南市,高匿代理,2023年01月15日04时 验证
200.202.223.46,8080,江苏省无锡市,高匿代理,2023年01月15日02时 验证
175.101.85.65,8080,山西省长治市,高匿代理,2023年01月15日00时 验证
190.217.10.12,999,江苏省无锡市,高匿代理,2023年01月14日22时 验证
185.193.75.155,3199,新疆维吾尔自治区吐鲁番地区,高匿代理,2023年01月14日20时 验证
180.211.183.2,8080,山西省晋城市,高匿代理,2023年01月14日16时 验证
104.129.202.95,8800,四川省攀枝花市,高匿代理,2023年01月14日14时 验证
157.254.193.6,80,天津市,高匿代理,2023年01月14日12时 验证
181.15.154.156,52033,甘肃省嘉峪关市,高匿代理,2023年01月14日10时 验证
81.35.124.120,80,青海省海南藏族自治州,高匿代理,2023年01月14日06时 验证
165.140.242.57,3128,青海省海北藏族自治州,高匿代理,2023年01月14日04时 验证
52.66.126.190,8888,山西省太原市,高匿代理,2023年01月14日02时 验证
45.229.56.64,999,四川省攀枝花市,高匿代理,2023年01月14日00时 验证
82.165.21.59,80,新疆维吾尔自治区哈密地区,高匿代理,2023年01月13日22时 验证
171.5.6.187,34599,山西省阳泉市,高匿代理,2023年01月13日20时 验证
182.34.102.50,9999,安徽省马鞍山市,高匿代理,2023年01月13日18时 验证
31.24.252.73,80,吉林省辽源市,高匿代理,2023年01月13日16时 验证
123.240.60.64,8888,江苏省徐州市,高匿代理,2023年01月13日14时 验证
18.191.216.4,80,安徽省芜湖市,高匿代理,2023年01月13日12时 验证
178.205.101.67,3129,陕西省渭南市,高匿代理,2023年01月13日10时 验证
37.210.193.176,8080,天津市天津周边,高匿代理,2023年01月13日08时 验证
47.253.214.60,8080,海南省海口市,高匿代理,2023年01月13日06时 验证
1.2.252.65,8080,西藏自治区昌都地区,高匿代理,2023年01月13日04时 验证
84.204.40.155,8080,青海省西宁市,高匿代理,2023年01月13日02时 验证
47.103.38.131,80,天津市天津周边,高匿代理,2023年01月13日00时 验证
65.38.21.96,80,福建省福州市,高匿代理,2023年01月12日22时 验证
81.17.90.219,41890,宁夏回族自治区吴忠市,高匿代理,2023年01月12日20时 验证
185.132.228.57,4145,安徽省合肥市,高匿代理,2023年01月12日18时 验证
104.20.149.112,80,山西省晋城市,高匿代理,2023年01月12日16时 验证
150.107.137.25,8080,山东省济南市,高匿代理,2023年01月12日14时 验证
129.213.187.47,80,江苏省常州市,高匿代理,2023年01月12日12时 验证
119.13.103.211,20201,吉林省吉林市,高匿代理,2023年01月12日10时 验证
45.167.125.97,9992,辽宁省沈阳市,高匿代理,2023年01月12日08时 验证
206.189.146.13,8080,海南省,高匿代理,2023年01月12日06时 验证
39.105.98.204,60080,福建省莆田市,高匿代理,2023年01月12日04时 验证
173.244.48.9,3128,青海省海东地区,高匿代理,2023年01月12日02时 验证
104.129.206.68,8800,山东省枣庄市,高匿代理,2023年01月12日00时 验证
165.73.128.173,56975,山东省枣庄市,高匿代理,2023年01月11日22时 验证
165.22.6.199,80,新疆维吾尔自治区哈密地区,高匿代理,2023年01月11日20时 验证
178.54.21.203,8081,新疆维吾尔自治区吐鲁番地区,高匿代理,2023年01月11日18时 验证
49.0.252.39,8080,新疆维吾尔自治区哈密地区,高匿代理,2023年01月11日16时 验证
88.8.167.19,80,云南省昆明市,高匿代理,2023年01月11日14时 验证
155.185.245.110,80,甘肃省白银市,高匿代理,2023年01月11日12时 验证
103.123.234.106,8080,江苏省徐州市,高匿代理,2023年01月11日08时 验证
41.79.37.74,8585,贵州省贵阳市,高匿代理,2023年01月11日06时 验证
8.242.207.202,8080,宁夏回族自治区吴忠市,高匿代理,2023年01月11日02时 验证
103.48.183.113,4145,江西省南昌市,高匿代理,2023年01月11日00时 验证
104.194.134.188,3199,宁夏回族自治区固原市,高匿代理,2023年01月10日22时 验证
104.18.16.1,80,内蒙古自治区乌海市,高匿代理,2023年01月10日20时 验证
194.233.73.106,443,湖北省襄樊市,高匿代理,2023年01月10日18时 验证
52.14.99.197,80,山东省淄博市,高匿代理,2023年01月10日16时 验证
138.197.27.127,80,湖北省宜昌市,高匿代理,2023年01月10日14时 验证
45.167.90.21,999,吉林省吉林市,高匿代理,2023年01月10日12时 验证
36.99.193.58,9002,新疆维吾尔自治区克拉玛依市,高匿代理,2023年01月10日10时 验证
201.222.83.145,999,青海省西宁市,高匿代理,2023年01月10日08时 验证
110.188.21.39,9002,广西壮族自治区北海市,高匿代理,2023年01月10日06时 验证
36.94.142.165,8080,山西省阳泉市,高匿代理,2023年01月10日04时 验证
16.163.1.246,80,湖北省宜昌市,高匿代理,2023年01月10日02时 验证
154.236.179.226,1981,福建省莆田市,高匿代理,2023年01月10日00时 验证
117.54.114.103,80,山东省枣庄市,高匿代理,2023年01月09日22时 验证
54.38.110.236,80,贵州省安顺市,高匿代理,2023年01月09日20时 验证
34.192.172.235,80,黑龙江省双鸭山市,高匿代理,2023年01月09日18时 验证
43.245.219.106,8080,重庆市市,高匿代理,2023年01月09日16时 验证
202.65.158.237,82,山东省东营市,高匿代理,2023年01月09日14时 验证
78.107.251.76,80,江苏省南京市,高匿代理,2023年01月09日12时 验证
113.53.193.6,8080,甘肃省金昌市,高匿代理,2023年01月09日10时 验证
89.218.5.110,37717,湖北省十堰市,高匿代理,2023年01月09日08时 验证
154.0.14.193,8080,湖北省十堰市,高匿代理,2023年01月09日06时 验证
171.92.21.106,9000,浙江省杭州市,高匿代理,2023年01月09日04时 验证
177.223.48.126,52104,天津市市辖区,高匿代理,2023年01月09日02时 验证
186.232.119.58,3128,福建省厦门市,高匿代理,2023年01月09日00时 验证
176.100.13.15,8080,江苏省徐州市,高匿代理,2023年01月08日22时 验证
102.41.17.152,8080,重庆市市,高匿代理,2023年01月08日20时 验证
203.150.128.103,8080,甘肃省天水市,高匿代理,2023年01月08日18时 验证
181.10.160.157,8080,广东省广州市,高匿代理,2023年01月08日16时 验证
114.5.199.209,8080,海南省海口市,高匿代理,2023年01月08日14时 验证
202.129.196.242,53879,广东省深圳市,高匿代理,2023年01月08日12时 验证
124.83.74.218,8080,新疆维吾尔自治区吐鲁番地区,高匿代理,2023年01月08日10时 验证
103.47.13.25,8080,西藏自治区山南地区,高匿代理,2023年01月08日08时 验证
31.209.98.18,51688,广东省广州市,高匿代理,2023年01月08日06时 验证
45.179.193.81,999,湖南省邵阳市,高匿代理,2023年01月08日04时 验证
140.227.59.167,3180,安徽省芜湖市,高匿代理,2023年01月08日02时 验证
103.160.66.221,80,安徽省芜湖市,高匿代理,2023年01月08日00时 验证
193.110.115.220,3128,青海省海东地区,高匿代理,2023年01月07日22时 验证
103.143.84.72,44550,广东省韶关市,高匿代理,2023年01月07日20时 验证
186.195.82.9,8181,江苏省苏州市,高匿代理,2023年01月07日18时 验证
201.184.135.155,4145,河南省安阳市,高匿代理,2023年01月07日16时 验证
106.60.70.243,80,广西壮族自治区柳州市,高匿代理,2023年01月07日14时 验证
158.255.215.50,16993,内蒙古自治区呼和浩特市,高匿代理,2023年01月07日12时 验证
172.67.181.181,80,浙江省嘉兴市,高匿代理,2023年01月07日10时 验证
43.255.113.232,82,河南省开封市,高匿代理,2023年01月07日08时 验证
158.69.195.71,3128,四川省成都市,高匿代理,2023年01月07日06时 验证
182.52.229.165,8080,吉林省辽源市,高匿代理,2023年01月07日04时 验证
117.41.160.20,9002,广东省深圳市,高匿代理,2023年01月07日02时 验证
203.154.39.146,80,山西省太原市,高匿代理,2023年01月07日00时 验证
171.92.21.193,9000,青海省海东地区,高匿代理,2023年01月06日22时 验证
178.47.139.151,35102,广西壮族自治区桂林市,高匿代理,2023年01月06日20时 验证
201.191.64.118,999,吉林省通化市,高匿代理,2023年01月06日18时 验证
3.144.148.186,80,辽宁省抚顺市,高匿代理,2023年01月06日16时 验证
115.223.7.26,80,山东省济南市,高匿代理,2023年01月06日14时 验证
177.66.195.115,4145,云南省昆明市,高匿代理,2023年01月06日12时 验证
103.152.100.150,8080,江苏省常州市,高匿代理,2023年01月06日10时 验证
209.127.191.180,9279,上海市上海周边,高匿代理,2023年01月06日08时 验证
168.227.158.57,4145,江西省南昌市,高匿代理,2023年01月06日06时 验证
103.71.21.238,83,广西壮族自治区北海市,高匿代理,2023年01月06日04时 验证
27.46.54.75,8888,江西省南昌市,高匿代理,2023年01月06日02时 验证
185.195.106.251,23445,重庆市重庆周边,高匿代理,2023年01月06日00时 验证
34.208.61.89,80,浙江省湖州市,高匿代理,2023年01月05日20时 验证
209.127.108.188,3000,西藏自治区拉萨市,高匿代理,2023年01月05日18时 验证
203.84.153.210,8080,山西省太原市,高匿代理,2023年01月05日16时 验证
178.115.230.243,8080,陕西省铜川市,高匿代理,2023年01月05日14时 验证
45.5.154.42,8080,贵州省六盘水市,高匿代理,2023年01月05日12时 验证
202.129.52.173,4153,云南省保山市,高匿代理,2023年01月05日10时 验证
103.42.161.9,8080,宁夏回族自治区中卫市,高匿代理,2023年01月05日08时 验证
43.134.194.21,8118,河南省平顶山市,高匿代理,2023年01月05日06时 验证
209.201.29.20,80,湖南省株洲市,高匿代理,2023年01月05日04时 验证
187.94.211.214,8080,河南省郑州市,高匿代理,2023年01月05日02时 验证
45.234.6.232,6666,四川省德阳市,高匿代理,2023年01月05日00时 验证
184.105.134.166,48324,广西壮族自治区南宁市,高匿代理,2023年01月04日22时 验证
114.108.177.104,60984,广西壮族自治区北海市,高匿代理,2023年01月04日20时 验证
45.72.5.31,3128,安徽省蚌埠市,高匿代理,2023年01月04日18时 验证
95.168.170.84,80,宁夏回族自治区中卫市,高匿代理,2023年01月04日16时 验证
103.142.21.197,8080,甘肃省金昌市,高匿代理,2023年01月04日14时 验证
182.139.110.84,9000,西藏自治区拉萨市,高匿代理,2023年01月04日12时 验证
195.154.255.194,8000,湖南省衡阳市,高匿代理,2023年01月04日10时 验证
103.183.99.149,8080,北京市,高匿代理,2023年01月04日08时 验证
103.169.198.124,8080,青海省海南藏族自治州,高匿代理,2023年01月04日06时 验证
216.137.184.253,80,贵州省铜仁地区,高匿代理,2023年01月04日04时 验证
176.236.232.66,9090,广西壮族自治区北海市,高匿代理,2023年01月04日02时 验证
36.95.15.148,8080,安徽省蚌埠市,高匿代理,2023年01月04日00时 验证
89.152.120.105,80,浙江省嘉兴市,高匿代理,2023年01月03日22时 验证
181.78.13.211,999,甘肃省金昌市,高匿代理,2023年01月03日20时 验证
46.38.43.20,8082,浙江省温州市,高匿代理,2023年01月03日18时 验证
182.139.111.104,9000,安徽省蚌埠市,高匿代理,2023年01月03日16时 验证
182.139.110.52,9000,新疆维吾尔自治区克拉玛依市,高匿代理,2023年01月03日14时 验证
105.29.164.28,8080,安徽省芜湖市,高匿代理,2023年01月03日12时 验证
105.112.142.210,8080,山西省长治市,高匿代理,2023年01月03日10时 验证
45.184.155.6,999,贵州省遵义市,高匿代理,2023年01月03日08时 验证
218.75.38.154,9091,河北省唐山市,高匿代理,2023年01月03日06时 验证
187.216.93.20,55443,贵州省安顺市,高匿代理,2023年01月03日04时 验证
154.64.117.253,80,重庆市市,高匿代理,2023年01月03日02时 验证
190.92.153.23,8080,黑龙江省鹤岗市,高匿代理,2023年01月03日00时 验证
191.8.181.227,80,福建省厦门市,高匿代理,2023年01月02日22时 验证
178.79.191.47,54417,黑龙江省鹤岗市,高匿代理,2023年01月02日20时 验证
102.68.130.18,6666,海南省省直辖县级行政单位,高匿代理,2023年01月02日18时 验证
104.129.206.67,8800,安徽省蚌埠市,高匿代理,2023年01月02日16时 验证
203.13.32.203,80,云南省昭通市,高匿代理,2023年01月02日14时 验证
185.182.222.178,8080,青海省海南藏族自治州,高匿代理,2023年01月02日12时 验证
104.18.169.91,80,江苏省徐州市,高匿代理,2023年01月02日10时 验证
45.32.245.26,80,贵州省六盘水市,高匿代理,2023年01月02日08时 验证
168.138.211.5,8080,辽宁省鞍山市,高匿代理,2023年01月02日04时 验证
185.108.141.114,8080,湖南省邵阳市,高匿代理,2023年01月02日02时 验证
45.181.228.222,4145,江苏省常州市,高匿代理,2023年01月02日00时 验证
183.89.112.185,8080,陕西省宝鸡市,高匿代理,2023年01月01日22时 验证
88.157.181.42,8080,广东省珠海市,高匿代理,2023年01月01日20时 验证
171.97.85.203,8080,上海市,高匿代理,2023年01月01日18时 验证
103.139.242.169,82,河南省郑州市,高匿代理,2023年01月01日16时 验证
103.193.119.126,8080,四川省泸州市,高匿代理,2023年01月01日14时 验证
34.141.210.141,80,福建省莆田市,高匿代理,2023年01月01日12时 验证
45.160.168.190,8080,新疆维吾尔自治区乌鲁木齐市,高匿代理,2023年01月01日10时 验证
189.164.157.65,10101,安徽省马鞍山市,高匿代理,2023年01月01日08时 验证
114.43.143.52,3128,海南省海口市,高匿代理,2023年01月01日06时 验证
24.172.82.94,53281,广东省韶关市,高匿代理,2023年01月01日04时 验证
169.204.202.6,8080,云南省玉溪市,高匿代理,2023年01月01日02时 验证
104.129.194.103,8800,福建省厦门市,高匿代理,2023年01月01日00时 验证
185.141.59.116,19596,北京市北京周边,高匿代理,2022年12月31日22时 验证
188.114.97.20,80,四川省自贡市,高匿代理,2022年12月31日20时 验证
208.67.183.240,80,四川省攀枝花市,高匿代理,2022年12月31日18时 验证
123.200.11.158,8080,吉林省辽源市,高匿代理,2022年12月31日16时 验证
109.200.155.195,8080,安徽省芜湖市,高匿代理,2022年12月31日14时 验证
46.191.235.167,443,安徽省合肥市,高匿代理,2022年12月31日12时 验证
45.7.176.126,34234,安徽省马鞍山市,高匿代理,2022年12月31日10时 验证
201.244.108.141,8080,湖南省株洲市,高匿代理,2022年12月31日08时 验证
113.118.19.85,9797,宁夏回族自治区银川市,高匿代理,2022年12月31日06时 验证
154.236.177.100,1981,江西省萍乡市,高匿代理,2022年12月31日04时 验证
13.91.104.216,80,河北省唐山市,高匿代理,2022年12月31日02时 验证
61.171.104.190,9002,上海市上海周边,高匿代理,2022年12月31日00时 验证
34.249.185.196,80,浙江省温州市,高匿代理,2022年12月30日22时 验证
199.188.93.237,8000,江苏省无锡市,高匿代理,2022年12月30日20时 验证
119.2.41.84,8080,西藏自治区昌都地区,高匿代理,2022年12月30日18时 验证
202.131.234.194,8080,江西省萍乡市,高匿代理,2022年12月30日16时 验证
34.195.223.83,80,广西壮族自治区北海市,高匿代理,2022年12月30日14时 验证
5.22.196.30,8080,四川省成都市,高匿代理,2022年12月30日12时 验证
154.73.108.206,1976,福建省福州市,高匿代理,2022年12月30日10时 验证
177.19.131.85,3130,山东省东营市,高匿代理,2022年12月30日08时 验证
193.105.62.11,58973,北京市,高匿代理,2022年12月30日06时 验证
122.239.217.109,7890,安徽省淮南市,高匿代理,2022年12月30日04时 验证
171.92.21.202,9000,重庆市重庆周边,高匿代理,2022年12月30日02时 验证
190.95.156.166,999,内蒙古自治区包头市,高匿代理,2022年12月30日00时 验证
45.179.185.120,8083,新疆维吾尔自治区昌吉回族自治州,高匿代理,2022年12月29日22时 验证
82.137.244.74,8080,新疆维吾尔自治区克拉玛依市,高匿代理,2022年12月29日20时 验证
159.65.219.73,80,湖南省邵阳市,高匿代理,2022年12月29日18时 验证
178.169.139.180,8080,福建省厦门市,高匿代理,2022年12月29日16时 验证
175.6.181.191,9002,上海市市辖区,高匿代理,2022年12月29日14时 验证
192.154.212.141,8000,吉林省辽源市,高匿代理,2022年12月29日08时 验证
187.19.155.96,3128,云南省保山市,高匿代理,2022年12月29日06时 验证
190.95.132.194,999,云南省玉溪市,高匿代理,2022年12月29日04时 验证
123.30.154.38,2008,吉林省四平市,高匿代理,2022年12月29日02时 验证
103.69.38.1,8080,宁夏回族自治区银川市,高匿代理,2022年12月29日00时 验证
82.137.224.193,8291,甘肃省天水市,高匿代理,2022年12月28日22时 验证
185.171.231.77,80,贵州省遵义市,高匿代理,2022年12月28日20时 验证
103.156.17.123,8888,江西省景德镇市,高匿代理,2022年12月28日18时 验证
104.129.196.32,10605,广东省汕头市,高匿代理,2022年12月28日16时 验证
111.225.152.159,8089,北京市,高匿代理,2022年12月28日14时 验证
74.208.205.5,80,天津市,高匿代理,2022年12月28日12时 验证
176.193.77.87,8080,海南省,高匿代理,2022年12月28日10时 验证
84.22.49.26,8080,吉林省吉林市,高匿代理,2022年12月28日08时 验证
136.232.116.2,48976,江苏省苏州市,高匿代理,2022年12月28日06时 验证
188.133.160.22,4145,湖南省长沙市,高匿代理,2022年12月28日04时 验证
61.9.53.157,1337,四川省德阳市,高匿代理,2022年12月28日02时 验证
52.44.43.132,80,辽宁省沈阳市,高匿代理,2022年12月28日00时 验证
103.69.36.38,8080,宁夏回族自治区固原市,高匿代理,2022年12月27日22时 验证
213.172.89.227,4153,内蒙古自治区包头市,高匿代理,2022年12月27日20时 验证
47.180.63.37,54321,云南省玉溪市,高匿代理,2022年12月27日16时 验证
161.132.125.244,8080,湖南省湘潭市,高匿代理,2022年12月27日12时 验证
219.152.50.131,9002,天津市,高匿代理,2022年12月27日10时 验证
194.53.136.63,3129,宁夏回族自治区银川市,高匿代理,2022年12月27日08时 验证
45.5.118.43,999,宁夏回族自治区固原市,高匿代理,2022年12月27日06时 验证
201.159.103.17,999,北京市,高匿代理,2022年12月27日04时 验证
34.124.239.60,3128,河南省安阳市,高匿代理,2022年12月27日02时 验证
102.68.85.187,80,辽宁省鞍山市,高匿代理,2022年12月27日00时 验证
109.238.223.67,61150,重庆市,高匿代理,2022年12月26日22时 验证
70.186.128.126,8080,广西壮族自治区桂林市,高匿代理,2022年12月26日20时 验证
125.26.4.219,443,浙江省宁波市,高匿代理,2022年12月26日18时 验证
185.195.104.156,12333,辽宁省鞍山市,高匿代理,2022年12月26日16时 验证
177.73.16.74,55443,辽宁省抚顺市,高匿代理,2022年12月26日14时 验证
103.14.111.34,80,山东省济南市,高匿代理,2022年12月26日10时 验证
66.94.105.161,80,黑龙江省双鸭山市,高匿代理,2022年12月26日08时 验证
176.31.154.12,80,山东省淄博市,高匿代理,2022年12月26日06时 验证
179.60.243.38,48699,山西省大同市,高匿代理,2022年12月26日04时 验证
185.195.105.184,12333,福建省三明市,高匿代理,2022年12月26日02时 验证
111.229.161.172,888,黑龙江省齐齐哈尔市,高匿代理,2022年12月26日00时 验证
115.211.35.42,9000,福建省三明市,高匿代理,2022年12月25日22时 验证
47.109.51.138,80,黑龙江省哈尔滨市,高匿代理,2022年12月25日20时 验证
201.223.83.2,80,青海省海南藏族自治州,高匿代理,2022年12月25日18时 验证
201.93.183.132,3128,福建省福州市,高匿代理,2022年12月25日16时 验证
201.163.47.10,999,宁夏回族自治区银川市,高匿代理,2022年12月25日14时 验证
80.251.126.242,8080,西藏自治区昌都地区,高匿代理,2022年12月25日12时 验证
103.171.84.79,8080,内蒙古自治区乌海市,高匿代理,2022年12月25日10时 验证
91.150.77.57,56921,宁夏回族自治区固原市,高匿代理,2022年12月25日08时 验证
92.119.231.46,3128,内蒙古自治区通辽市,高匿代理,2022年12月25日06时 验证
89.111.104.113,41258,江苏省苏州市,高匿代理,2022年12月25日04时 验证
41.65.236.41,1976,青海省黄南藏族自治州,高匿代理,2022年12月25日02时 验证
211.32.117.72,80,陕西省渭南市,高匿代理,2022年12月25日00时 验证
105.213.67.236,4415,内蒙古自治区呼和浩特市,高匿代理,2022年12月24日22时 验证
185.215.235.190,80,湖南省邵阳市,高匿代理,2022年12月24日20时 验证
88.199.164.154,8080,广东省珠海市,高匿代理,2022年12月24日18时 验证
196.20.12.1,8080,湖北省武汉市,高匿代理,2022年12月24日16时 验证
157.230.243.143,80,江苏省常州市,高匿代理,2022年12月24日12时 验证
45.79.253.142,4153,新疆维吾尔自治区吐鲁番地区,高匿代理,2022年12月24日10时 验证
203.23.104.62,80,湖北省黄石市,高匿代理,2022年12月24日08时 验证
187.135.171.207,9812,江苏省苏州市,高匿代理,2022年12月24日06时 验证
52.66.247.161,8888,北京市市辖区,高匿代理,2022年12月24日04时 验证
217.60.194.43,8080,江苏省徐州市,高匿代理,2022年12月24日02时 验证
54.39.98.135,80,广西壮族自治区桂林市,高匿代理,2022年12月24日00时 验证
103.154.120.107,8080,上海市,高匿代理,2022年12月23日22时 验证
190.61.101.205,8080,黑龙江省鸡西市,高匿代理,2022年12月23日20时 验证
185.81.106.52,3629,广东省广州市,高匿代理,2022年12月23日18时 验证
202.4.116.243,8080,吉林省四平市,高匿代理,2022年12月23日16时 验证
5.58.58.209,8080,西藏自治区昌都地区,高匿代理,2022年12月23日14时 验证
106.225.178.37,9002,福建省泉州市,高匿代理,2022年12月23日12时 验证
115.223.7.34,80,河南省郑州市,高匿代理,2022年12月23日10时 验证
194.87.58.76,80,山西省大同市,高匿代理,2022年12月23日08时 验证
103.36.35.135,8080,安徽省芜湖市,高匿代理,2022年12月23日06时 验证
182.253.162.23,8080,福建省福州市,高匿代理,2022年12月23日04时 验证
209.107.195.64,80,云南省保山市,高匿代理,2022年12月23日02时 验证
104.18.222.225,80,河南省安阳市,高匿代理,2022年12月23日00时 验证
165.225.26.119,10605,新疆维吾尔自治区乌鲁木齐市,高匿代理,2022年12月22日22时 验证
18.207.70.248,80,内蒙古自治区赤峰市,高匿代理,2022年12月22日20时 验证
138.43.105.139,80,西藏自治区那曲地区,高匿代理,2022年12月22日18时 验证
92.247.142.182,35944,四川省泸州市,高匿代理,2022年12月22日16时 验证
117.54.11.82,3128,山东省淄博市,高匿代理,2022年12月22日10时 验证
104.129.206.159,8800,上海市市辖区,高匿代理,2022年12月22日08时 验证
144.48.60.111,12444,青海省海东地区,高匿代理,2022年12月22日06时 验证
180.120.211.127,8888,新疆维吾尔自治区昌吉回族自治州,高匿代理,2022年12月22日02时 验证
193.141.91.27,80,山东省青岛市,高匿代理,2022年12月22日00时 验证
54.202.70.219,3128,江苏省苏州市,高匿代理,2022年12月21日22时 验证
150.109.32.166,80,湖北省襄樊市,高匿代理,2022年12月21日20时 验证
213.6.28.91,8080,上海市,高匿代理,2022年12月21日18时 验证
154.73.159.10,8585,云南省保山市,高匿代理,2022年12月21日16时 验证
114.67.200.32,30002,湖北省襄樊市,高匿代理,2022年12月21日14时 验证
91.134.136.29,9000,福建省厦门市,高匿代理,2022年12月21日12时 验证
13.58.156.101,80,吉林省长春市,高匿代理,2022年12月21日10时 验证
65.38.21.118,80,安徽省芜湖市,高匿代理,2022年12月21日08时 验证
203.30.189.145,80,安徽省芜湖市,高匿代理,2022年12月21日06时 验证
83.238.80.18,8081,安徽省蚌埠市,高匿代理,2022年12月21日04时 验证
41.60.239.235,8080,广东省深圳市,高匿代理,2022年12月21日02时 验证
185.169.232.233,12000,四川省攀枝花市,高匿代理,2022年12月21日00时 验证
185.195.105.231,12333,安徽省合肥市,高匿代理,2022年12月20日20时 验证
102.68.128.214,8080,重庆市市辖区,高匿代理,2022年12月20日16时 验证
103.146.196.43,3125,宁夏回族自治区银川市,高匿代理,2022年12月20日14时 验证
110.242.49.230,80,西藏自治区拉萨市,高匿代理,2022年12月20日12时 验证
183.89.115.84,8080,安徽省马鞍山市,高匿代理,2022年12月20日10时 验证
203.150.128.152,8080,湖南省长沙市,高匿代理,2022年12月20日08时 验证
132.248.159.223,3128,山东省淄博市,高匿代理,2022年12月20日06时 验证
181.15.154.154,52033,上海市上海周边,高匿代理,2022年12月20日04时 验证
193.200.151.69,32777,福建省莆田市,高匿代理,2022年12月20日02时 验证
80.244.228.162,1256,贵州省六盘水市,高匿代理,2022年12月20日00时 验证
190.158.69.120,8080,江西省萍乡市,高匿代理,2022年12月19日22时 验证
103.134.95.34,8080,宁夏回族自治区银川市,高匿代理,2022年12月19日20时 验证
149.62.177.106,5555,新疆维吾尔自治区乌鲁木齐市,高匿代理,2022年12月19日18时 验证
14.248.212.6,8080,湖南省株洲市,高匿代理,2022年12月19日16时 验证
39.105.132.17,60080,甘肃省嘉峪关市,高匿代理,2022年12月19日14时 验证
104.26.6.48,80,江苏省常州市,高匿代理,2022年12月19日12时 验证
193.62.42.46,80,云南省玉溪市,高匿代理,2022年12月19日08时 验证
213.74.218.216,8080,辽宁省本溪市,高匿代理,2022年12月19日06时 验证
103.152.232.69,8080,北京市,高匿代理,2022年12月19日04时 验证
207.236.13.72,80,湖北省武汉市,高匿代理,2022年12月19日02时 验证
5.189.133.231,80,四川省成都市,高匿代理,2022年12月19日00时 验证
136.243.113.48,3128,重庆市,高匿代理,2022年12月18日22时 验证
103.130.5.34,8080,北京市北京周边,高匿代理,2022年12月18日20时 验证
89.237.34.193,51549,宁夏回族自治区中卫市,高匿代理,2022年12月18日18时 验证
27.147.131.219,50391,广东省汕头市,高匿代理,2022年12月18日16时 验证
117.41.161.115,9002,贵州省铜仁地区,高匿代理,2022年12月18日14时 验证
135.125.216.93,80,河北省唐山市,高匿代理,2022年12月18日12时 验证
220.135.2.247,59171,河北省唐山市,高匿代理,2022年12月18日10时 验证
103.155.166.92,8181,贵州省遵义市,高匿代理,2022年12月18日08时 验证
35.200.95.92,80,甘肃省兰州市,高匿代理,2022年12月18日06时 验证
124.107.246.108,8080,江苏省徐州市,高匿代理,2022年12月18日04时 验证
45.136.253.110,3128,山东省淄博市,高匿代理,2022年12月18日02时 验证
47.107.252.228,3128,浙江省宁波市,高匿代理,2022年12月18日00时 验证
178.47.141.85,2580,天津市,高匿代理,2022年12月17日18时 验证
103.155.196.22,8181,甘肃省天水市,高匿代理,2022年12月17日16时 验证
162.159.248.1,80,新疆维吾尔自治区昌吉回族自治州,高匿代理,2022年12月17日14时 验证
200.116.226.210,43049,湖北省武汉市,高匿代理,2022年12月17日12时 验证
183.33.192.236,9797,甘肃省白银市,高匿代理,2022年12月17日10时 验证
165.225.194.76,10605,天津市,高匿代理,2022年12月17日08时 验证
27.155.103.165,9002,福建省厦门市,高匿代理,2022年12月17日06时 验证
125.213.216.202,8080,上海市上海周边,高匿代理,2022年12月17日04时 验证
37.120.239.221,3128,江苏省南京市,高匿代理,2022年12月17日02时 验证
24.72.171.214,8080,青海省西宁市,高匿代理,2022年12月17日00时 验证
47.91.45.235,8080,山东省东营市,高匿代理,2022年12月16日22时 验证
27.72.89.136,8888,江苏省苏州市,高匿代理,2022年12月16日20时 验证
62.201.218.82,8080,江西省景德镇市,高匿代理,2022年12月16日18时 验证
203.150.128.242,8080,湖北省十堰市,高匿代理,2022年12月16日16时 验证
186.146.79.83,8085,北京市,高匿代理,2022年12月16日14时 验证
161.97.146.221,80,新疆维吾尔自治区乌鲁木齐市,高匿代理,2022年12月16日12时 验证
106.245.183.60,4145,重庆市重庆周边,高匿代理,2022年12月16日10时 验证
165.16.46.193,8080,广西壮族自治区梧州市,高匿代理,2022年12月16日08时 验证
14.139.242.7,80,宁夏回族自治区中卫市,高匿代理,2022年12月16日06时 验证
61.171.107.170,9002,北京市市辖区,高匿代理,2022年12月16日04时 验证
118.190.146.252,80,云南省昆明市,高匿代理,2022年12月16日02时 验证
147.182.207.176,8080,广西壮族自治区北海市,高匿代理,2022年12月16日00时 验证
52.53.55.202,80,内蒙古自治区包头市,高匿代理,2022年12月15日22时 验证
103.197.251.202,80,吉林省通化市,高匿代理,2022年12月15日20时 验证
102.164.221.3,8080,湖北省黄石市,高匿代理,2022年12月15日18时 验证
203.30.189.4,80,甘肃省白银市,高匿代理,2022年12月15日16时 验证
218.75.69.50,57903,四川省成都市,高匿代理,2022年12月15日14时 验证
117.102.70.42,8080,广东省广州市,高匿代理,2022年12月15日12时 验证
167.235.236.0,9090,河北省石家庄市,高匿代理,2022年12月15日10时 验证
122.243.11.140,9000,宁夏回族自治区吴忠市,高匿代理,2022年12月15日08时 验证
103.244.38.36,3125,安徽省淮南市,高匿代理,2022年12月15日06时 验证
115.211.39.108,9000,天津市天津周边,高匿代理,2022年12月15日04时 验证
91.93.42.124,10001,四川省自贡市,高匿代理,2022年12月15日02时 验证
88.99.179.106,80,陕西省铜川市,高匿代理,2022年12月15日00时 验证
5.202.101.188,80,河南省开封市,高匿代理,2022年12月14日22时 验证
47.254.248.149,8080,湖南省长沙市,高匿代理,2022年12月14日20时 验证
223.165.243.209,47205,贵州省遵义市,高匿代理,2022年12月14日18时 验证
170.238.14.107,8080,山东省青岛市,高匿代理,2022年12月14日16时 验证
103.151.177.108,80,吉林省吉林市,高匿代理,2022年12月14日14时 验证
200.37.140.35,10101,上海市上海周边,高匿代理,2022年12月14日12时 验证
182.139.110.124,9000,吉林省吉林市,高匿代理,2022年12月14日10时 验证
202.181.14.23,3128,内蒙古自治区通辽市,高匿代理,2022年12月14日08时 验证
180.120.212.46,8888,江西省萍乡市,高匿代理,2022年12月14日06时 验证
151.248.112.239,80,山西省晋城市,高匿代理,2022年12月14日04时 验证
61.19.42.140,80,陕西省宝鸡市,高匿代理,2022年12月14日02时 验证
103.90.157.148,8080,甘肃省兰州市,高匿代理,2022年12月14日00时 验证
120.24.33.141,8000,江西省南昌市,高匿代理,2022年12月13日22时 验证
202.159.35.73,443,辽宁省本溪市,高匿代理,2022年12月13日20时 验证
103.145.45.57,55443,西藏自治区那曲地区,高匿代理,2022年12月13日18时 验证
103.156.17.230,3125,北京市,高匿代理,2022年12月13日16时 验证
185.195.107.180,23445,天津市,高匿代理,2022年12月13日14时 验证
185.58.17.4,8080,福建省厦门市,高匿代理,2022年12月13日10时 验证
181.10.200.154,3128,重庆市市,高匿代理,2022年12月13日08时 验证
31.24.252.21,80,云南省玉溪市,高匿代理,2022年12月13日06时 验证
183.89.79.156,8080,江西省南昌市,高匿代理,2022年12月13日04时 验证
102.68.134.94,8080,江苏省南京市,高匿代理,2022年12月13日02时 验证
217.25.91.243,3128,宁夏回族自治区银川市,高匿代理,2022年12月13日00时 验证
45.7.177.238,34234,广西壮族自治区南宁市,高匿代理,2022年12月12日22时 验证
183.89.41.226,8080,山东省枣庄市,高匿代理,2022年12月12日20时 验证
31.169.50.141,80,四川省攀枝花市,高匿代理,2022年12月12日18时 验证
45.226.185.2,8080,河北省邢台市,高匿代理,2022年12月12日16时 验证
165.225.80.224,10605,山西省阳泉市,高匿代理,2022年12月12日12时 验证
35.198.222.218,80,天津市市辖区,高匿代理,2022年12月12日10时 验证
36.76.143.117,8080,重庆市市,高匿代理,2022年12月12日08时 验证
165.22.252.119,80,云南省玉溪市,高匿代理,2022年12月12日06时 验证
194.5.195.10,3128,浙江省宁波市,高匿代理,2022年12月12日04时 验证
49.248.32.110,41363,湖南省株洲市,高匿代理,2022年12月12日02时 验证
112.78.170.251,8080,四川省自贡市,高匿代理,2022年12月12日00时 验证
172.67.3.92,80,甘肃省天水市,高匿代理,2022年12月11日22时 验证
103.36.8.133,3125,江西省新余市,高匿代理,2022年12月11日18时 验证
70.44.24.245,8888,贵州省遵义市,高匿代理,2022年12月11日14时 验证
94.242.55.10,80,甘肃省兰州市,高匿代理,2022年12月11日12时 验证
176.56.107.242,33831,安徽省芜湖市,高匿代理,2022年12月11日10时 验证
154.73.159.253,8585,贵州省铜仁地区,高匿代理,2022年12月11日08时 验证
93.188.161.84,80,山东省青岛市,高匿代理,2022年12月11日06时 验证
154.236.189.25,1981,上海市上海周边,高匿代理,2022年12月11日04时 验证
93.100.118.135,8080,浙江省湖州市,高匿代理,2022年12月11日02时 验证
41.242.116.150,50000,湖北省襄樊市,高匿代理,2022年12月11日00时 验证
45.167.253.225,999,江苏省苏州市,高匿代理,2022年12月10日22时 验证
144.48.62.253,12000,内蒙古自治区呼和浩特市,高匿代理,2022年12月10日20时 验证
191.102.254.28,8085,吉林省吉林市,高匿代理,2022年12月10日16时 验证
45.79.27.210,3128,浙江省温州市,高匿代理,2022年12月10日14时 验证
149.56.45.63,80,山东省青岛市,高匿代理,2022年12月10日12时 验证
36.95.91.195,8080,广西壮族自治区南宁市,高匿代理,2022年12月10日10时 验证
203.24.109.16,80,四川省泸州市,高匿代理,2022年12月10日08时 验证
103.145.149.62,8080,西藏自治区日喀则地区,高匿代理,2022年12月10日06时 验证
45.184.155.17,999,湖南省邵阳市,高匿代理,2022年12月10日04时 验证
103.164.151.27,3125,天津市,高匿代理,2022年12月10日02时 验证
103.148.178.228,80,新疆维吾尔自治区哈密地区,高匿代理,2022年12月10日00时 验证
202.158.69.122,80,浙江省湖州市,高匿代理,2022年12月09日22时 验证
202.123.147.236,8111,四川省成都市,高匿代理,2022年12月09日20时 验证
176.28.15.234,3128,安徽省合肥市,高匿代理,2022年12月09日18时 验证
130.61.255.166,8118,青海省黄南藏族自治州,高匿代理,2022年12月09日16时 验证
118.190.142.208,80,广西壮族自治区南宁市,高匿代理,2022年12月09日14时 验证
103.102.14.150,3125,北京市,高匿代理,2022年12月09日12时 验证
157.100.58.126,999,广西壮族自治区桂林市,高匿代理,2022年12月09日10时 验证
36.255.86.113,83,上海市上海周边,高匿代理,2022年12月09日06时 验证
103.155.54.233,83,四川省泸州市,高匿代理,2022年12月09日04时 验证
189.164.142.190,10101,河南省开封市,高匿代理,2022年12月09日02时 验证
41.75.111.66,80,山西省晋城市,高匿代理,2022年12月09日00时 验证
45.8.105.239,80,广西壮族自治区桂林市,高匿代理,2022年12月08日22时 验证
103.156.232.81,3125,内蒙古自治区乌海市,高匿代理,2022年12月08日20时 验证
188.26.5.254,4145,吉林省长春市,高匿代理,2022年12月08日18时 验证
94.180.111.233,53281,西藏自治区那曲地区,高匿代理,2022年12月08日14时 验证
182.253.192.226,8080,辽宁省本溪市,高匿代理,2022年12月08日12时 验证
185.181.182.121,8085,青海省海南藏族自治州,高匿代理,2022年12月08日10时 验证
5.157.46.31,41002,四川省自贡市,高匿代理,2022年12月08日08时 验证
218.59.139.238,80,广西壮族自治区南宁市,高匿代理,2022年12月08日06时 验证
103.245.250.12,3128,云南省曲靖市,高匿代理,2022年12月08日04时 验证
89.111.105.82,41258,湖北省十堰市,高匿代理,2022年12月08日02时 验证
41.60.237.87,8080,甘肃省白银市,高匿代理,2022年12月08日00时 验证
110.78.174.170,8080,吉林省四平市,高匿代理,2022年12月07日22时 验证
185.195.104.34,12333,四川省成都市,高匿代理,2022年12月07日20时 验证
12.110.80.109,80,福建省莆田市,高匿代理,2022年12月07日18时 验证
180.94.64.58,8080,贵州省贵阳市,高匿代理,2022年12月07日16时 验证
170.239.222.222,8080,上海市市辖区,高匿代理,2022年12月07日14时 验证
185.195.107.103,23445,重庆市市辖区,高匿代理,2022年12月07日12时 验证
190.2.210.202,999,西藏自治区拉萨市,高匿代理,2022年12月07日10时 验证
139.59.216.80,3128,辽宁省本溪市,高匿代理,2022年12月07日08时 验证
113.160.208.255,8080,甘肃省天水市,高匿代理,2022年12月07日06时 验证
36.255.87.133,83,云南省昭通市,高匿代理,2022年12月07日04时 验证
123.56.13.137,80,吉林省四平市,高匿代理,2022年12月07日02时 验证
181.177.73.37,3199,广东省深圳市,高匿代理,2022年12月07日00时 验证
103.115.23.66,8080,山东省枣庄市,高匿代理,2022年12月06日22时 验证
87.117.10.20,3128,贵州省安顺市,高匿代理,2022年12月06日20时 验证
104.129.206.107,8800,宁夏回族自治区中卫市,高匿代理,2022年12月06日18时 验证
183.147.208.78,9000,海南省三亚市,高匿代理,2022年12月06日16时 验证
203.150.128.11,8080,西藏自治区那曲地区,高匿代理,2022年12月06日14时 验证
103.18.77.235,8080,青海省海南藏族自治州,高匿代理,2022年12月06日12时 验证
118.97.47.250,55443,湖南省湘潭市,高匿代理,2022年12月06日10时 验证
101.109.187.12,8080,青海省海北藏族自治州,高匿代理,2022年12月06日06时 验证
213.97.45.73,8083,贵州省遵义市,高匿代理,2022年12月06日04时 验证
192.117.146.111,80,浙江省杭州市,高匿代理,2022年12月06日02时 验证
109.200.159.26,8080,西藏自治区昌都地区,高匿代理,2022年12月05日22时 验证
120.237.144.200,9091,浙江省嘉兴市,高匿代理,2022年12月05日20时 验证
185.108.141.19,8080,贵州省安顺市,高匿代理,2022年12月05日18时 验证
104.254.246.179,80,青海省西宁市,高匿代理,2022年12月05日16时 验证
82.140.54.54,80,贵州省贵阳市,高匿代理,2022年12月05日14时 验证
138.121.161.82,8099,云南省玉溪市,高匿代理,2022年12月05日12时 验证
193.57.43.193,81,四川省成都市,高匿代理,2022年12月05日10时 验证
195.225.49.131,55774,甘肃省兰州市,高匿代理,2022年12月05日08时 验证
213.6.227.38,45730,黑龙江省齐齐哈尔市,高匿代理,2022年12月05日06时 验证
188.247.39.14,43032,黑龙江省哈尔滨市,高匿代理,2022年12月05日02时 验证
183.88.80.106,8080,贵州省贵阳市,高匿代理,2022年12月05日00时 验证
117.121.202.182,8088,西藏自治区那曲地区,高匿代理,2022年12月04日20时 验证
202.124.46.102,4145,吉林省通化市,高匿代理,2022年12月04日18时 验证
41.65.174.120,1976,海南省省直辖县级行政单位,高匿代理,2022年12月04日16时 验证
137.63.147.4,80,湖南省长沙市,高匿代理,2022年12月04日14时 验证
131.72.69.42,45005,云南省保山市,高匿代理,2022年12月04日12时 验证
201.182.85.242,999,四川省成都市,高匿代理,2022年12月04日10时 验证
103.212.93.253,41363,广东省韶关市,高匿代理,2022年12月04日08时 验证
104.129.198.247,8800,四川省成都市,高匿代理,2022年12月04日06时 验证
123.169.39.212,9999,山西省大同市,高匿代理,2022年12月04日04时 验证
123.161.23.179,9797,山西省长治市,高匿代理,2022年12月04日02时 验证
43.230.197.213,8080,四川省德阳市,高匿代理,2022年12月04日00时 验证
200.115.157.211,4145,山东省淄博市,高匿代理,2022年12月03日22时 验证
103.174.234.76,8080,重庆市,高匿代理,2022年12月03日20时 验证
89.111.105.100,41258,河南省郑州市,高匿代理,2022年12月03日18时 验证
182.92.110.245,8118,新疆维吾尔自治区乌鲁木齐市,高匿代理,2022年12月03日16时 验证
103.184.66.22,8080,上海市,高匿代理,2022年12月03日14时 验证
183.154.214.74,9000,江苏省徐州市,高匿代理,2022年12月03日12时 验证
91.93.42.119,10001,福建省福州市,高匿代理,2022年12月03日10时 验证
45.7.177.195,34234,江西省景德镇市,高匿代理,2022年12月03日08时 验证
168.227.146.34,10801,四川省成都市,高匿代理,2022年12月03日06时 验证
8.208.85.34,8080,江西省景德镇市,高匿代理,2022年12月03日04时 验证
119.252.167.130,41890,浙江省杭州市,高匿代理,2022年12月03日02时 验证
171.92.20.195,9000,山东省东营市,高匿代理,2022年12月03日00时 验证
190.109.75.253,33633,青海省西宁市,高匿代理,2022年12月02日22时 验证
212.126.96.154,8080,浙江省杭州市,高匿代理,2022年12月02日20时 验证
178.32.119.253,8080,重庆市,高匿代理,2022年12月02日18时 验证
8.210.19.205,80,甘肃省金昌市,高匿代理,2022年12月02日16时 验证
190.8.38.83,999,西藏自治区日喀则地区,高匿代理,2022年12月02日14时 验证
43.241.135.150,8080,西藏自治区山南地区,高匿代理,2022年12月02日12时 验证
172.67.182.138,80,山西省晋城市,高匿代理,2022年12月02日10时 验证
131.72.69.40,45005,福建省厦门市,高匿代理,2022年12月02日08时 验证
78.84.14.122,53281,河南省郑州市,高匿代理,2022年12月02日06时 验证
200.105.215.18,33630,河北省石家庄市,高匿代理,2022年12月02日04时 验证
104.18.186.120,80,江西省九江市,高匿代理,2022年12月02日02时 验证
103.156.14.194,3125,宁夏回族自治区吴忠市,高匿代理,2022年12月02日00时 验证
183.147.223.251,9000,湖南省衡阳市,高匿代理,2022年12月01日22时 验证
108.61.218.90,3128,河北省秦皇岛市,高匿代理,2022年12月01日20时 验证
45.160.78.73,999,辽宁省沈阳市,高匿代理,2022年12月01日18时 验证
188.163.170.130,41209,浙江省温州市,高匿代理,2022年12月01日16时 验证
202.51.106.229,8080,陕西省铜川市,高匿代理,2022年12月01日14时 验证
177.72.115.25,31164,四川省攀枝花市,高匿代理,2022年12月01日12时 验证
165.73.129.45,56975,上海市,高匿代理,2022年12月01日08时 验证
222.129.141.66,9000,湖北省黄石市,高匿代理,2022年12月01日04时 验证
5.16.0.97,1256,陕西省渭南市,高匿代理,2022年12月01日02时 验证
203.142.71.50,8080,云南省曲靖市,高匿代理,2022年12月01日00时 验证
173.165.102.210,8080,海南省省直辖县级行政单位,高匿代理,2022年11月30日22时 验证
188.163.171.198,8080,甘肃省天水市,高匿代理,2022年11月30日20时 验证
138.0.231.202,999,江苏省常州市,高匿代理,2022年11月30日18时 验证
190.43.92.77,999,浙江省嘉兴市,高匿代理,2022年11月30日16时 验证
103.152.232.100,8080,上海市,高匿代理,2022年11月30日12时 验证
8.242.177.250,999,天津市,高匿代理,2022年11月30日10时 验证
46.227.37.145,1088,广西壮族自治区北海市,高匿代理,2022年11月30日08时 验证
58.65.179.229,8080,青海省黄南藏族自治州,高匿代理,2022年11月30日06时 验证
77.119.250.129,8080,辽宁省本溪市,高匿代理,2022年11月30日04时 验证
45.235.14.253,999,山东省淄博市,高匿代理,2022年11月30日02时 验证
77.46.138.233,8080,广西壮族自治区南宁市,高匿代理,2022年11月30日00时 验证
103.147.118.238,8080,辽宁省鞍山市,高匿代理,2022年11月29日22时 验证
177.184.67.81,4145,福建省三明市,高匿代理,2022年11月29日20时 验证
94.20.230.57,3128,重庆市重庆周边,高匿代理,2022年11月29日18时 验证
103.169.187.176,3125,天津市,高匿代理,2022年11月29日16时 验证
111.225.152.150,8089,山东省淄博市,高匿代理,2022年11月29日14时 验证
49.48.83.129,8080,甘肃省兰州市,高匿代理,2022年11月29日12时 验证
177.25.40.146,4343,宁夏回族自治区吴忠市,高匿代理,2022年11月29日10时 验证
27.46.45.110,9797,辽宁省大连市,高匿代理,2022年11月29日08时 验证
115.211.41.103,9000,湖南省邵阳市,高匿代理,2022年11月29日06时 验证
89.218.5.109,37717,贵州省遵义市,高匿代理,2022年11月29日02时 验证
196.1.97.209,80,陕西省铜川市,高匿代理,2022年11月28日22时 验证
222.249.173.24,84,黑龙江省鹤岗市,高匿代理,2022年11月28日20时 验证
148.244.249.194,999,内蒙古自治区乌海市,高匿代理,2022年11月28日18时 验证
101.205.122.115,7302,新疆维吾尔自治区吐鲁番地区,高匿代理,2022年11月28日16时 验证
177.54.195.48,4145,新疆维吾尔自治区哈密地区,高匿代理,2022年11月28日14时 验证
35.224.171.0,80,山东省东营市,高匿代理,2022年11月28日12时 验证
181.209.77.250,999,甘肃省金昌市,高匿代理,2022年11月28日10时 验证
104.26.2.46,80,贵州省铜仁地区,高匿代理,2022年11月28日06时 验证
104.16.85.20,80,福建省泉州市,高匿代理,2022年11月28日04时 验证
190.216.234.242,8080,山西省阳泉市,高匿代理,2022年11月28日02时 验证
190.120.255.19,999,安徽省蚌埠市,高匿代理,2022年11月28日00时 验证
201.217.51.9,4145,山西省大同市,高匿代理,2022年11月27日22时 验证
113.212.87.242,82,云南省曲靖市,高匿代理,2022年11月27日20时 验证
101.109.43.81,8080,陕西省宝鸡市,高匿代理,2022年11月27日18时 验证
182.253.110.114,3128,河北省邯郸市,高匿代理,2022年11月27日16时 验证
175.213.188.28,80,四川省成都市,高匿代理,2022年11月27日14时 验证
47.252.4.64,8888,西藏自治区日喀则地区,高匿代理,2022年11月27日12时 验证
103.124.136.77,4145,河南省安阳市,高匿代理,2022年11月27日10时 验证
131.196.244.140,999,山东省青岛市,高匿代理,2022年11月27日06时 验证
152.32.78.24,4145,天津市天津周边,高匿代理,2022年11月27日04时 验证
45.171.144.221,8080,福建省福州市,高匿代理,2022年11月27日00时 验证
189.173.176.210,999,河北省邢台市,高匿代理,2022年11月26日22时 验证
103.154.230.58,8080,福建省三明市,高匿代理,2022年11月26日20时 验证
114.7.193.214,8080,河北省邢台市,高匿代理,2022年11月26日18时 验证
181.78.15.4,999,陕西省宝鸡市,高匿代理,2022年11月26日16时 验证
202.147.198.115,8080,河南省安阳市,高匿代理,2022年11月26日12时 验证
177.66.195.118,4145,青海省海南藏族自治州,高匿代理,2022年11月26日10时 验证
202.69.38.82,8080,甘肃省天水市,高匿代理,2022年11月26日08时 验证
216.176.187.99,8886,海南省省直辖县级行政单位,高匿代理,2022年11月26日04时 验证
37.131.165.19,59341,湖北省襄樊市,高匿代理,2022年11月26日02时 验证
118.97.156.98,8080,黑龙江省鸡西市,高匿代理,2022年11月26日00时 验证
181.37.240.89,999,湖南省长沙市,高匿代理,2022年11月25日22时 验证
172.67.218.192,80,河南省洛阳市,高匿代理,2022年11月25日20时 验证
45.179.193.159,999,福建省福州市,高匿代理,2022年11月25日16时 验证
115.211.34.89,9000,青海省海北藏族自治州,高匿代理,2022年11月25日14时 验证
168.227.56.96,8080,湖南省邵阳市,高匿代理,2022年11月25日12时 验证
3.224.69.117,80,重庆市,高匿代理,2022年11月25日10时 验证
103.18.77.237,8080,山西省晋城市,高匿代理,2022年11月25日06时 验证
132.248.38.99,21320,福建省福州市,高匿代理,2022年11月25日02时 验证
89.237.34.185,37647,黑龙江省鹤岗市,高匿代理,2022年11月25日00时 验证
185.110.209.57,8080,湖南省湘潭市,高匿代理,2022年11月24日20时 验证
18.156.123.43,3128,江苏省南京市,高匿代理,2022年11月24日18时 验证
201.222.45.64,999,海南省海口市,高匿代理,2022年11月24日16时 验证
187.188.108.114,8080,贵州省贵阳市,高匿代理,2022年11月24日14时 验证
91.147.235.99,4145,宁夏回族自治区中卫市,高匿代理,2022年11月24日12时 验证
103.142.110.98,8080,云南省曲靖市,高匿代理,2022年11月24日10时 验证
182.253.171.39,8080,宁夏回族自治区石嘴山市,高匿代理,2022年11月24日08时 验证
104.129.198.134,8800,上海市,高匿代理,2022年11月24日06时 验证
103.51.45.9,4145,陕西省西安市,高匿代理,2022年11月24日04时 验证
14.207.125.10,8080,湖北省宜昌市,高匿代理,2022年11月24日02时 验证
171.6.0.199,8080,内蒙古自治区通辽市,高匿代理,2022年11月24日00时 验证
84.204.40.156,8080,江西省九江市,高匿代理,2022年11月23日22时 验证
222.179.155.90,9091,天津市,高匿代理,2022年11月23日20时 验证
111.225.152.88,8089,福建省厦门市,高匿代理,2022年11月23日18时 验证
223.96.90.216,8085,河北省邯郸市,高匿代理,2022年11月23日16时 验证
39.175.90.51,30001,上海市,高匿代理,2022年11月23日14时 验证
39.175.82.253,30001,西藏自治区拉萨市,高匿代理,2022年11月23日12时 验证
221.181.238.59,9091,福建省三明市,高匿代理,2022年11月23日10时 验证
39.175.92.35,30001,内蒙古自治区赤峰市,高匿代理,2022年11月23日08时 验证
114.233.71.82,9000,福建省厦门市,高匿代理,2022年11月23日06时 验证
115.236.166.106,9091,山东省淄博市,高匿代理,2022年11月23日04时 验证
120.26.123.95,8010,江西省景德镇市,高匿代理,2022年11月23日02时 验证
223.84.240.36,9091,西藏自治区拉萨市,高匿代理,2022年11月23日00时 验证
183.64.239.19,8060,重庆市,高匿代理,2022年11月11日00时 验证
104.16.157.77,80,上海市,高匿代理,2022年11月10日22时 验证
176.115.197.118,8080,四川省德阳市,高匿代理,2022年11月10日18时 验证
1.1.220.100,8080,辽宁省鞍山市,高匿代理,2022年11月10日16时 验证
103.49.202.252,80,重庆市市,高匿代理,2022年11月10日14时 验证
103.146.30.178,8080,四川省自贡市,高匿代理,2022年11月10日12时 验证
103.53.44.90,8080,北京市北京周边,高匿代理,2022年11月10日10时 验证
156.155.152.67,8080,贵州省遵义市,高匿代理,2022年11月10日08时 验证
190.53.46.11,38525,广西壮族自治区柳州市,高匿代理,2022年11月10日06时 验证
183.89.118.115,8080,甘肃省金昌市,高匿代理,2022年11月10日04时 验证
171.92.20.11,9000,内蒙古自治区赤峰市,高匿代理,2022年11月10日02时 验证
45.228.52.98,999,安徽省马鞍山市,高匿代理,2022年11月10日00时 验证
171.92.20.23,9000,辽宁省鞍山市,高匿代理,2022年11月09日18时 验证
197.157.254.162,4145,青海省西宁市,高匿代理,2022年11月09日16时 验证
43.239.75.189,4145,重庆市,高匿代理,2022年11月09日12时 验证
122.155.165.191,3128,内蒙古自治区赤峰市,高匿代理,2022年11月09日10时 验证
158.140.191.136,8080,西藏自治区那曲地区,高匿代理,2022年11月09日08时 验证
182.253.141.98,8080,北京市,高匿代理,2022年11月09日06时 验证
89.111.105.77,41258,宁夏回族自治区吴忠市,高匿代理,2022年11月09日04时 验证
190.107.237.11,999,山西省长治市,高匿代理,2022年11月09日02时 验证
220.166.146.9,9000,贵州省遵义市,高匿代理,2022年11月09日00时 验证
172.67.182.125,80,贵州省遵义市,高匿代理,2022年11月08日22时 验证
14.207.130.225,8080,安徽省淮南市,高匿代理,2022年11月08日20时 验证
36.67.195.34,57456,贵州省安顺市,高匿代理,2022年11月08日18时 验证
202.152.143.64,3128,福建省福州市,高匿代理,2022年11月08日16时 验证
104.129.198.150,8800,云南省曲靖市,高匿代理,2022年11月08日14时 验证
201.174.10.170,999,内蒙古自治区乌海市,高匿代理,2022年11月08日10时 验证
89.218.186.134,3128,新疆维吾尔自治区哈密地区,高匿代理,2022年11月08日08时 验证
131.72.69.34,45005,湖南省湘潭市,高匿代理,2022年11月08日06时 验证
155.0.202.254,51327,河北省石家庄市,高匿代理,2022年11月08日04时 验证
200.48.129.124,31246,陕西省渭南市,高匿代理,2022年11月08日02时 验证
68.183.143.134,80,新疆维吾尔自治区克拉玛依市,高匿代理,2022年11月08日00时 验证
104.19.130.80,80,贵州省安顺市,高匿代理,2022年11月07日20时 验证
45.182.41.13,8080,海南省,高匿代理,2022年11月07日18时 验证
213.226.11.149,41878,四川省成都市,高匿代理,2022年11月07日16时 验证
80.80.167.18,10801,北京市北京周边,高匿代理,2022年11月07日14时 验证
217.12.206.87,8080,广西壮族自治区北海市,高匿代理,2022年11月07日10时 验证
183.245.6.117,8080,甘肃省白银市,高匿代理,2022年11月07日04时 验证
138.219.244.128,6666,宁夏回族自治区银川市,高匿代理,2022年11月07日02时 验证
187.109.40.9,20183,山西省阳泉市,高匿代理,2022年11月07日00时 验证
180.121.134.77,8888,西藏自治区拉萨市,高匿代理,2022年11月06日22时 验证
196.20.12.21,8080,上海市市辖区,高匿代理,2022年11月06日16时 验证
104.129.206.176,8800,陕西省咸阳市,高匿代理,2022年11月06日14时 验证
104.129.196.34,8800,广西壮族自治区北海市,高匿代理,2022年11月06日12时 验证
190.187.201.26,8080,广西壮族自治区柳州市,高匿代理,2022年11月06日08时 验证
45.184.155.10,999,重庆市重庆周边,高匿代理,2022年11月06日06时 验证
69.11.145.106,8080,黑龙江省鹤岗市,高匿代理,2022年11月06日04时 验证
170.0.87.204,999,天津市天津周边,高匿代理,2022年11月06日02时 验证
36.91.68.149,8080,天津市,高匿代理,2022年11月05日22时 验证
182.253.175.164,8080,宁夏回族自治区中卫市,高匿代理,2022年11月05日18时 验证
92.60.238.12,8080,内蒙古自治区乌海市,高匿代理,2022年11月05日16时 验证
45.184.155.4,999,陕西省铜川市,高匿代理,2022年11月05日14时 验证
103.121.41.165,8080,西藏自治区山南地区,高匿代理,2022年11月05日10时 验证
104.16.89.20,80,江苏省无锡市,高匿代理,2022年11月05日08时 验证
217.60.194.53,8080,贵州省铜仁地区,高匿代理,2022年11月05日06时 验证
45.156.29.128,9090,山东省青岛市,高匿代理,2022年11月05日04时 验证
13.51.131.184,80,辽宁省本溪市,高匿代理,2022年11月05日00时 验证
8.242.171.162,8080,河南省郑州市,高匿代理,2022年11月04日22时 验证
120.28.57.114,80,山东省青岛市,高匿代理,2022年11月04日20时 验证
201.219.57.146,999,贵州省遵义市,高匿代理,2022年11月04日18时 验证
165.16.0.105,1981,湖北省襄樊市,高匿代理,2022年11月04日16时 验证
46.188.82.63,4153,江西省九江市,高匿代理,2022年11月04日14时 验证
104.129.198.146,8800,重庆市市,高匿代理,2022年11月04日12时 验证
176.213.141.107,8080,广西壮族自治区桂林市,高匿代理,2022年11月04日08时 验证
43.245.95.178,53805,河南省郑州市,高匿代理,2022年11月04日06时 验证
60.209.97.182,9999,云南省昆明市,高匿代理,2022年11月04日04时 验证
123.59.100.245,1080,河南省洛阳市,高匿代理,2022年11月04日02时 验证
122.136.212.132,53281,云南省保山市,高匿代理,2022年11月04日00时 验证
200.85.169.18,50577,陕西省铜川市,高匿代理,2022年11月03日20时 验证
113.65.8.103,9797,青海省黄南藏族自治州,高匿代理,2022年11月03日16时 验证
168.235.85.81,18888,青海省海北藏族自治州,高匿代理,2022年11月03日14时 验证
192.99.2.41,3128,福建省三明市,高匿代理,2022年11月03日10时 验证
185.110.211.217,8080,山东省枣庄市,高匿代理,2022年11月03日08时 验证
89.111.105.97,41258,内蒙古自治区乌海市,高匿代理,2022年11月03日06时 验证
182.253.31.210,8080,辽宁省本溪市,高匿代理,2022年11月03日04时 验证
188.94.225.177,8080,吉林省长春市,高匿代理,2022年11月03日00时 验证
103.35.109.142,4145,安徽省合肥市,高匿代理,2022年11月02日22时 验证
203.34.28.94,80,浙江省宁波市,高匿代理,2022年11月02日20时 验证
179.1.110.34,999,广西壮族自治区桂林市,高匿代理,2022年11月02日16时 验证
1.221.173.148,4145,广西壮族自治区柳州市,高匿代理,2022年11月02日12时 验证
186.103.234.75,999,四川省攀枝花市,高匿代理,2022年11月02日10时 验证
103.92.233.40,80,河北省石家庄市,高匿代理,2022年11月02日08时 验证
103.253.154.155,41762,广西壮族自治区北海市,高匿代理,2022年11月02日06时 验证
103.106.219.215,8080,浙江省宁波市,高匿代理,2022年11月02日04时 验证
188.94.231.69,8080,天津市,高匿代理,2022年11月02日02时 验证
102.165.127.85,8080,宁夏回族自治区银川市,高匿代理,2022年11月01日22时 验证
103.240.33.113,8291,福建省厦门市,高匿代理,2022年11月01日20时 验证
103.54.43.131,8080,广东省广州市,高匿代理,2022年11月01日14时 验证
171.92.20.116,9000,辽宁省大连市,高匿代理,2022年11月01日10时 验证
180.183.116.19,8080,海南省海口市,高匿代理,2022年11月01日08时 验证
172.67.182.111,80,河南省平顶山市,高匿代理,2022年11月01日06时 验证
103.111.29.130,4153,甘肃省嘉峪关市,高匿代理,2022年11月01日04时 验证
109.238.219.225,4153,浙江省温州市,高匿代理,2022年11月01日02时 验证
218.6.173.81,443,青海省海东地区,高匿代理,2022年11月01日00时 验证
113.53.193.98,8080,安徽省合肥市,高匿代理,2022年10月31日22时 验证
165.225.216.101,10605,北京市,高匿代理,2022年10月31日20时 验证
165.225.10.111,10605,新疆维吾尔自治区哈密地区,高匿代理,2022年10月31日18时 验证
183.88.2.41,8080,浙江省宁波市,高匿代理,2022年10月31日14时 验证
103.76.151.66,8085,重庆市市辖区,高匿代理,2022年10月31日12时 验证
103.125.174.55,8080,河北省石家庄市,高匿代理,2022年10月31日10时 验证
92.80.1.202,8082,海南省三亚市,高匿代理,2022年10月31日06时 验证
46.199.87.82,8080,贵州省六盘水市,高匿代理,2022年10月31日04时 验证
203.142.69.250,8080,江西省南昌市,高匿代理,2022年10月31日02时 验证
49.0.64.120,80,天津市,高匿代理,2022年10月31日00时 验证
103.242.105.220,8080,河南省安阳市,高匿代理,2022年10月30日22时 验证
203.147.90.140,8080,海南省,高匿代理,2022年10月30日20时 验证
189.148.184.38,999,山东省枣庄市,高匿代理,2022年10月30日18时 验证
104.129.206.117,8800,湖北省十堰市,高匿代理,2022年10月30日16时 验证
203.170.66.77,8080,辽宁省抚顺市,高匿代理,2022年10月30日12时 验证
222.237.73.160,3128,内蒙古自治区赤峰市,高匿代理,2022年10月30日10时 验证
118.172.159.235,8080,西藏自治区山南地区,高匿代理,2022年10月30日08时 验证
62.182.197.118,8080,云南省玉溪市,高匿代理,2022年10月30日04时 验证
106.113.189.163,8089,江西省九江市,高匿代理,2022年10月30日02时 验证
168.232.26.102,3128,山西省晋城市,高匿代理,2022年10月29日22时 验证
103.247.121.114,8080,湖北省十堰市,高匿代理,2022年10月29日20时 验证
51.75.165.14,80,吉林省四平市,高匿代理,2022年10月29日18时 验证
51.195.90.125,80,海南省海口市,高匿代理,2022年10月29日16时 验证
103.100.225.250,8080,甘肃省兰州市,高匿代理,2022年10月29日14时 验证
165.225.12.109,10605,四川省德阳市,高匿代理,2022年10月29日12时 验证
188.217.173.148,80,江西省南昌市,高匿代理,2022年10月29日10时 验证
113.53.3.184,8080,天津市,高匿代理,2022年10月29日08时 验证
75.106.98.189,8080,西藏自治区日喀则地区,高匿代理,2022年10月29日06时 验证
200.37.56.107,999,浙江省温州市,高匿代理,2022年10月29日04时 验证
8.208.90.243,443,云南省昆明市,高匿代理,2022年10月29日02时 验证
103.154.90.190,8080,湖南省湘潭市,高匿代理,2022年10月29日00时 验证
45.235.46.94,8080,海南省海口市,高匿代理,2022年10月28日20时 验证
103.162.218.66,8181,陕西省铜川市,高匿代理,2022年10月28日18时 验证
80.74.77.48,80,上海市市辖区,高匿代理,2022年10月28日16时 验证
103.172.70.81,8080,北京市,高匿代理,2022年10月28日12时 验证
81.162.65.177,8080,云南省昆明市,高匿代理,2022年10月28日10时 验证
45.79.90.143,8002,新疆维吾尔自治区昌吉回族自治州,高匿代理,2022年10月28日08时 验证
146.59.199.12,80,广西壮族自治区北海市,高匿代理,2022年10月28日06时 验证
165.225.110.93,10605,浙江省湖州市,高匿代理,2022年10月28日04时 验证
116.80.59.244,26020,江西省九江市,高匿代理,2022年10月28日02时 验证
176.236.141.30,10001,吉林省长春市,高匿代理,2022年10月28日00时 验证
45.79.155.9,7302,湖南省衡阳市,高匿代理,2022年10月27日22时 验证
123.182.58.40,8089,四川省泸州市,高匿代理,2022年10月27日18时 验证
103.155.47.74,3125,江苏省苏州市,高匿代理,2022年10月27日16时 验证
5.17.6.83,8080,西藏自治区拉萨市,高匿代理,2022年10月27日12时 验证
213.5.190.194,41890,陕西省咸阳市,高匿代理,2022年10月27日08时 验证
113.53.30.43,8080,四川省成都市,高匿代理,2022年10月27日06时 验证
202.154.191.38,8080,宁夏回族自治区固原市,高匿代理,2022年10月27日04时 验证
43.132.147.145,14002,西藏自治区那曲地区,高匿代理,2022年10月27日02时 验证
171.97.12.22,8080,天津市,高匿代理,2022年10月27日00时 验证
104.129.206.103,8800,山西省阳泉市,高匿代理,2022年10月26日22时 验证
222.165.223.139,41541,湖南省湘潭市,高匿代理,2022年10月26日20时 验证
181.188.216.148,999,江西省萍乡市,高匿代理,2022年10月26日14时 验证
78.160.160.97,8080,宁夏回族自治区中卫市,高匿代理,2022年10月26日12时 验证
46.173.104.245,8080,海南省,高匿代理,2022年10月26日10时 验证
172.105.231.110,80,山东省济南市,高匿代理,2022年10月26日08时 验证
181.212.120.130,999,甘肃省金昌市,高匿代理,2022年10月26日06时 验证
165.225.38.29,10605,西藏自治区那曲地区,高匿代理,2022年10月26日04时 验证
223.84.240.36,9091,西藏自治区拉萨市,高匿代理,2022年10月26日00时 验证
165.225.34.125,10000,西藏自治区昌都地区,高匿代理,2022年10月25日22时 验证
185.123.101.174,4443,重庆市,高匿代理,2022年10月25日20时 验证
103.60.161.18,8080,湖南省邵阳市,高匿代理,2022年10月25日14时 验证
139.9.64.238,443,海南省省直辖县级行政单位,高匿代理,2022年10月25日12时 验证
139.9.64.238,443,海南省省直辖县级行政单位,高匿代理,2022年10月25日10时 验证
206.189.37.48,8080,内蒙古自治区通辽市,高匿代理,2022年10月25日08时 验证
165.225.8.76,10605,重庆市市辖区,高匿代理,2022年10月25日06时 验证
178.115.242.11,8080,湖北省十堰市,高匿代理,2022年10月25日04时 验证
188.132.222.6,8080,陕西省宝鸡市,高匿代理,2022年10月25日02时 验证
183.89.166.156,8080,山西省阳泉市,高匿代理,2022年10月25日00时 验证
115.223.7.239,80,安徽省蚌埠市,高匿代理,2022年10月24日22时 验证
106.14.255.124,80,福建省厦门市,高匿代理,2022年10月24日14时 验证
223.68.190.136,9091,湖北省武汉市,高匿代理,2022年10月24日10时 验证
124.71.57.98,443,辽宁省大连市,高匿代理,2022年10月24日04时 验证
20.163.162.168,8000,四川省自贡市,高匿代理,2022年10月11日18时 验证
201.183.243.118,8080,广东省广州市,高匿代理,2022年10月11日16时 验证
189.90.118.238,3128,西藏自治区拉萨市,高匿代理,2022年10月11日14时 验证
47.75.166.66,3128,浙江省宁波市,高匿代理,2022年10月11日12时 验证
183.89.184.86,8080,吉林省通化市,高匿代理,2022年10月11日10时 验证
27.46.46.105,8888,青海省海南藏族自治州,高匿代理,2022年10月11日08时 验证
195.43.142.52,3128,广西壮族自治区柳州市,高匿代理,2022年10月11日02时 验证
43.248.133.29,8080,广西壮族自治区桂林市,高匿代理,2022年10月11日00时 验证
165.225.56.69,10605,贵州省遵义市,高匿代理,2022年10月10日22时 验证
66.94.97.238,443,青海省海东地区,高匿代理,2022年10月10日20时 验证
91.185.55.165,8080,湖北省武汉市,高匿代理,2022年10月10日18时 验证
47.100.137.173,666,贵州省贵阳市,高匿代理,2022年10月10日16时 验证
103.233.156.44,8080,天津市市辖区,高匿代理,2022年10月10日14时 验证
125.25.33.175,8080,安徽省合肥市,高匿代理,2022年10月10日08时 验证
117.54.114.97,80,江苏省常州市,高匿代理,2022年10月10日06时 验证
111.225.152.38,8089,贵州省六盘水市,高匿代理,2022年10月10日00时 验证
117.121.202.182,8099,西藏自治区那曲地区,高匿代理,2022年10月09日22时 验证
140.115.70.226,80,河北省石家庄市,高匿代理,2022年10月09日20时 验证
118.163.13.200,8080,北京市市辖区,高匿代理,2022年10月09日18时 验证
138.201.132.168,8118,上海市,高匿代理,2022年10月09日14时 验证
112.78.170.250,80,江苏省徐州市,高匿代理,2022年10月09日12时 验证
103.1.184.238,3128,天津市市辖区,高匿代理,2022年10月09日10时 验证
103.210.161.198,8998,黑龙江省鸡西市,高匿代理,2022年10月09日08时 验证
103.126.87.25,3127,湖北省黄石市,高匿代理,2022年10月09日06时 验证
117.54.114.96,80,陕西省咸阳市,高匿代理,2022年10月09日02时 验证
121.101.131.10,8080,上海市,高匿代理,2022年10月09日00时 验证
102.38.5.161,8080,贵州省贵阳市,高匿代理,2022年10月08日22时 验证
107.172.73.179,7890,山西省大同市,高匿代理,2022年10月08日18时 验证
190.109.6.115,999,河南省洛阳市,高匿代理,2022年10月08日16时 验证
118.99.96.173,8080,宁夏回族自治区银川市,高匿代理,2022年10月08日14时 验证
51.79.152.70,3128,安徽省芜湖市,高匿代理,2022年10月08日12时 验证
138.117.84.86,999,海南省,高匿代理,2022年10月08日10时 验证
161.49.176.173,1337,河南省平顶山市,高匿代理,2022年10月08日08时 验证
113.161.59.136,8080,安徽省蚌埠市,高匿代理,2022年10月08日06时 验证
138.197.148.215,80,江苏省苏州市,高匿代理,2022年10月08日04时 验证
1.10.234.53,8080,宁夏回族自治区银川市,高匿代理,2022年10月08日02时 验证
154.236.168.169,1981,浙江省杭州市,高匿代理,2022年10月07日22时 验证
125.65.40.199,12345,江苏省无锡市,高匿代理,2022年10月07日20时 验证
52.203.152.213,8080,上海市市辖区,高匿代理,2022年10月07日18时 验证
160.251.40.149,3128,内蒙古自治区赤峰市,高匿代理,2022年10月07日16时 验证
14.248.80.77,8080,安徽省淮南市,高匿代理,2022年10月07日14时 验证
167.99.236.14,80,内蒙古自治区通辽市,高匿代理,2022年10月07日12时 验证
139.99.236.128,3128,山西省阳泉市,高匿代理,2022年10月07日08时 验证
189.252.70.85,8080,新疆维吾尔自治区吐鲁番地区,高匿代理,2022年10月07日06时 验证
119.2.52.152,8282,宁夏回族自治区银川市,高匿代理,2022年10月07日04时 验证
103.76.14.241,8080,湖南省湘潭市,高匿代理,2022年10月07日02时 验证
104.129.206.134,8800,甘肃省兰州市,高匿代理,2022年10月06日22时 验证
111.225.152.118,8089,海南省,高匿代理,2022年10月06日20时 验证
124.158.9.185,3128,福建省福州市,高匿代理,2022年10月06日16时 验证
134.0.63.134,8000,河南省安阳市,高匿代理,2022年10月06日10时 验证
103.175.203.86,8080,浙江省杭州市,高匿代理,2022年10月06日08时 验证
103.106.219.183,8080,安徽省合肥市,高匿代理,2022年10月06日04时 验证
162.0.226.218,80,安徽省芜湖市,高匿代理,2022年10月06日02时 验证
139.255.41.118,8080,江西省南昌市,高匿代理,2022年10月06日00时 验证
121.52.145.162,8080,内蒙古自治区赤峰市,高匿代理,2022年10月05日20时 验证
103.135.14.176,8181,陕西省西安市,高匿代理,2022年10月05日18时 验证
165.225.208.123,80,黑龙江省双鸭山市,高匿代理,2022年10月05日16时 验证
116.206.212.10,3125,云南省曲靖市,高匿代理,2022年10月05日14时 验证
140.227.61.156,23456,北京市,高匿代理,2022年10月05日12时 验证
104.244.75.218,8080,甘肃省兰州市,高匿代理,2022年10月05日10时 验证
102.39.69.224,8080,北京市,高匿代理,2022年10月05日08时 验证
103.164.200.227,83,甘肃省金昌市,高匿代理,2022年10月05日06时 验证
103.152.232.162,8080,贵州省安顺市,高匿代理,2022年10月05日04时 验证
119.76.142.203,8080,江苏省南京市,高匿代理,2022年10月05日02时 验证
101.255.140.130,8080,云南省昆明市,高匿代理,2022年10月04日20时 验证
103.76.12.42,80,西藏自治区日喀则地区,高匿代理,2022年10月04日18时 验证
102.68.128.219,8080,海南省三亚市,高匿代理,2022年10月04日14时 验证
190.109.23.170,999,湖南省湘潭市,高匿代理,2022年10月04日12时 验证
102.134.127.15,8080,浙江省温州市,高匿代理,2022年10月04日10时 验证
103.169.186.12,3125,西藏自治区拉萨市,高匿代理,2022年10月04日08时 验证
103.214.186.194,8080,湖北省襄樊市,高匿代理,2022年10月04日06时 验证
194.169.167.5,8080,新疆维吾尔自治区哈密地区,高匿代理,2022年10月04日04时 验证
122.102.118.82,8080,河北省唐山市,高匿代理,2022年10月04日02时 验证
115.147.10.1,8080,山东省淄博市,高匿代理,2022年10月03日20时 验证
12.69.91.227,80,上海市,高匿代理,2022年10月03日18时 验证
139.59.1.14,3128,北京市,高匿代理,2022年10月03日16时 验证
103.51.45.249,3125,江西省景德镇市,高匿代理,2022年10月03日12时 验证
207.154.238.121,8080,陕西省西安市,高匿代理,2022年10月03日08时 验证
138.122.147.122,8080,青海省海东地区,高匿代理,2022年10月03日06时 验证
122.102.118.83,8080,甘肃省金昌市,高匿代理,2022年10月03日04时 验证
121.22.90.82,443,河北省邢台市,高匿代理,2022年10月03日02时 验证
103.160.15.38,3125,广东省韶关市,高匿代理,2022年10月03日00时 验证
142.11.222.22,80,安徽省蚌埠市,高匿代理,2022年10月02日22时 验证
103.74.147.22,80,广西壮族自治区桂林市,高匿代理,2022年10月02日20时 验证
103.132.52.214,3128,陕西省咸阳市,高匿代理,2022年10月02日18时 验证
45.189.255.1,999,四川省自贡市,高匿代理,2022年10月02日14时 验证
103.169.187.163,3125,上海市,高匿代理,2022年10月02日10时 验证
122.50.7.186,8080,广西壮族自治区柳州市,高匿代理,2022年10月02日08时 验证
103.147.77.66,3125,贵州省遵义市,高匿代理,2022年10月02日04时 验证
103.165.251.2,8080,甘肃省嘉峪关市,高匿代理,2022年10月02日02时 验证
120.77.172.30,8118,湖南省邵阳市,高匿代理,2022年10月01日16时 验证
111.23.16.250,3128,四川省泸州市,高匿代理,2022年10月01日14时 验证
103.164.221.34,8080,黑龙江省鹤岗市,高匿代理,2022年10月01日12时 验证
165.225.210.85,10605,上海市,高匿代理,2022年10月01日10时 验证
110.77.134.106,8080,重庆市市,高匿代理,2022年10月01日08时 验证
152.231.27.33,60080,广东省广州市,高匿代理,2022年10月01日06时 验证
113.214.4.8,84,福建省泉州市,高匿代理,2022年10月01日04时 验证
125.26.165.245,443,青海省海南藏族自治州,高匿代理,2022年10月01日02时 验证
179.179.101.67,8080,湖北省襄樊市,高匿代理,2022年09月30日22时 验证
103.245.204.214,8080,宁夏回族自治区石嘴山市,高匿代理,2022年09月30日16时 验证
119.18.158.137,8080,上海市市辖区,高匿代理,2022年09月30日12时 验证
103.146.197.91,8181,江西省新余市,高匿代理,2022年09月30日10时 验证
103.55.48.206,8080,吉林省通化市,高匿代理,2022年09月30日08时 验证
181.119.105.107,999,陕西省铜川市,高匿代理,2022年09月30日04时 验证
117.80.10.23,888,安徽省合肥市,高匿代理,2022年09月30日00时 验证
103.76.253.66,3129,山东省东营市,高匿代理,2022年09月29日22时 验证
181.196.254.201,999,贵州省贵阳市,高匿代理,2022年09月29日20时 验证
101.99.32.122,8080,江西省南昌市,高匿代理,2022年09月29日16时 验证
114.223.9.195,8118,西藏自治区那曲地区,高匿代理,2022年09月29日14时 验证
103.152.232.165,3125,黑龙江省鸡西市,高匿代理,2022年09月29日12时 验证
105.112.83.165,8080,山东省枣庄市,高匿代理,2022年09月29日10时 验证
101.255.151.1,8080,广西壮族自治区桂林市,高匿代理,2022年09月29日08时 验证
1.10.133.19,8080,山东省枣庄市,高匿代理,2022年09月29日06时 验证
103.175.46.46,8181,宁夏回族自治区银川市,高匿代理,2022年09月29日04时 验证
117.54.114.98,80,陕西省西安市,高匿代理,2022年09月29日02时 验证
121.100.19.195,8080,内蒙古自治区通辽市,高匿代理,2022年09月29日00时 验证
185.190.38.154,8080,重庆市,高匿代理,2022年09月28日20时 验证
123.200.17.107,8080,北京市,高匿代理,2022年09月28日18时 验证
117.157.197.18,3128,河南省开封市,高匿代理,2022年09月28日16时 验证
103.41.173.47,3128,宁夏回族自治区银川市,高匿代理,2022年09月28日10时 验证
103.49.228.34,8081,四川省自贡市,高匿代理,2022年09月28日08时 验证
182.253.112.19,8080,西藏自治区昌都地区,高匿代理,2022年09月28日06时 验证
117.102.75.234,8080,四川省泸州市,高匿代理,2022年09月28日04时 验证
177.234.217.82,999,西藏自治区拉萨市,高匿代理,2022年09月28日02时 验证
103.151.226.46,8080,四川省攀枝花市,高匿代理,2022年09月27日22时 验证
177.222.104.235,999,浙江省温州市,高匿代理,2022年09月27日20时 验证
157.100.58.187,999,湖南省长沙市,高匿代理,2022年09月27日18时 验证
157.100.23.244,999,海南省三亚市,高匿代理,2022年09月27日14时 验证
114.116.2.116,8001,黑龙江省哈尔滨市,高匿代理,2022年09月27日12时 验证
103.169.187.177,3125,四川省德阳市,高匿代理,2022年09月27日08时 验证
103.165.253.130,3125,海南省,高匿代理,2022年09月27日06时 验证
116.58.254.57,8080,广西壮族自治区桂林市,高匿代理,2022年09月27日02时 验证
157.100.53.99,999,河南省郑州市,高匿代理,2022年09月27日00时 验证
118.172.201.216,8080,重庆市,高匿代理,2022年09月26日18时 验证
120.46.152.244,8888,贵州省贵阳市,高匿代理,2022年09月26日14时 验证
132.255.210.116,999,甘肃省天水市,高匿代理,2022年09月26日12时 验证
102.68.135.229,8080,山东省淄博市,高匿代理,2022年09月26日10时 验证
114.67.104.36,18888,陕西省渭南市,高匿代理,2022年09月26日08时 验证
14.187.165.54,19132,浙江省宁波市,高匿代理,2022年09月26日06时 验证
117.54.114.99,80,湖南省衡阳市,高匿代理,2022年09月26日02时 验证
115.223.7.239,80,安徽省蚌埠市,高匿代理,2022年09月26日00时 验证
114.47.155.167,8080,青海省海北藏族自治州,高匿代理,2022年09月25日20时 验证
103.11.107.50,3125,重庆市,高匿代理,2022年09月25日14时 验证
103.99.176.159,3128,内蒙古自治区乌海市,高匿代理,2022年09月25日10时 验证
139.255.123.3,8080,浙江省嘉兴市,高匿代理,2022年09月25日08时 验证
181.129.2.90,8081,河南省洛阳市,高匿代理,2022年09月25日06时 验证
123.25.15.209,9812,天津市天津周边,高匿代理,2022年09月25日04时 验证
116.71.139.73,8080,宁夏回族自治区银川市,高匿代理,2022年09月25日00时 验证
200.41.79.225,999,江苏省徐州市,高匿代理,2022年09月24日22时 验证
131.72.69.98,45005,广西壮族自治区梧州市,高匿代理,2022年09月24日18时 验证
103.29.185.54,8181,黑龙江省双鸭山市,高匿代理,2022年09月24日16时 验证
144.76.60.58,8118,江西省南昌市,高匿代理,2022年09月24日14时 验证
140.227.13.176,3180,云南省曲靖市,高匿代理,2022年09月24日12时 验证
110.77.180.134,53281,河北省石家庄市,高匿代理,2022年09月24日08时 验证
117.54.114.102,80,贵州省安顺市,高匿代理,2022年09月24日06时 验证
212.80.213.24,8080,黑龙江省齐齐哈尔市,高匿代理,2022年09月24日04时 验证
128.201.119.248,999,四川省泸州市,高匿代理,2022年09月24日02时 验证
122.2.28.114,8080,甘肃省兰州市,高匿代理,2022年09月23日20时 验证
124.156.100.83,8118,重庆市,高匿代理,2022年09月23日18时 验证
117.157.67.56,7302,福建省三明市,高匿代理,2022年09月23日16时 验证
118.97.164.19,8080,西藏自治区拉萨市,高匿代理,2022年09月23日14时 验证
195.149.98.211,8181,黑龙江省齐齐哈尔市,高匿代理,2022年09月23日10时 验证
45.175.237.5,999,广东省韶关市,高匿代理,2022年09月23日08时 验证
145.40.121.205,3128,浙江省宁波市,高匿代理,2022年09月23日06时 验证
103.247.152.125,3128,河北省石家庄市,高匿代理,2022年09月23日04时 验证
103.68.207.34,81,湖北省十堰市,高匿代理,2022年09月23日02时 验证
103.168.44.114,8080,湖北省宜昌市,高匿代理,2022年09月23日00时 验证
157.100.26.69,80,黑龙江省哈尔滨市,高匿代理,2022年09月22日22时 验证
115.74.246.138,8080,浙江省湖州市,高匿代理,2022年09月22日18时 验证
103.169.186.164,3125,福建省厦门市,高匿代理,2022年09月22日16时 验证
103.152.232.234,8080,海南省海口市,高匿代理,2022年09月22日14时 验证
41.65.236.44,1981,陕西省西安市,高匿代理,2022年09月22日10时 验证
113.53.61.118,8080,河南省平顶山市,高匿代理,2022年09月22日08时 验证
121.1.41.162,111,湖北省黄石市,高匿代理,2022年09月22日04时 验证
138.121.113.164,999,山东省济南市,高匿代理,2022年09月22日00时 验证
123.231.221.178,8080,内蒙古自治区包头市,高匿代理,2022年09月21日22时 验证
103.130.141.98,8080,河北省秦皇岛市,高匿代理,2022年09月21日20时 验证
103.163.193.254,83,江西省九江市,高匿代理,2022年09月21日12时 验证
103.135.4.168,63123,宁夏回族自治区吴忠市,高匿代理,2022年09月21日10时 验证
121.101.131.142,9090,江西省九江市,高匿代理,2022年09月21日08时 验证
103.79.155.6,8080,天津市,高匿代理,2022年09月21日04时 验证
157.100.58.184,999,山西省阳泉市,高匿代理,2022年09月21日00时 验证
103.120.175.233,8080,辽宁省大连市,高匿代理,2022年09月20日22时 验证
103.154.65.122,8080,福建省泉州市,高匿代理,2022年09月20日16时 验证
103.169.187.212,8081,福建省福州市,高匿代理,2022年09月20日14时 验证
154.236.179.233,1976,天津市,高匿代理,2022年09月20日10时 验证
102.68.128.218,8080,海南省三亚市,高匿代理,2022年09月20日06时 验证
110.232.66.209,808,新疆维吾尔自治区乌鲁木齐市,高匿代理,2022年09月20日04时 验证
103.145.151.130,8080,河北省石家庄市,高匿代理,2022年09月19日22时 验证
35.188.141.76,3128,湖南省湘潭市,高匿代理,2022年09月19日20时 验证
112.14.40.137,9091,西藏自治区山南地区,高匿代理,2022年09月19日18时 验证
45.171.109.1,999,黑龙江省鸡西市,高匿代理,2022年09月19日12时 验证
106.15.107.36,3128,黑龙江省齐齐哈尔市,高匿代理,2022年09月19日10时 验证
103.151.23.19,8080,辽宁省抚顺市,高匿代理,2022年09月19日08时 验证
106.15.2.195,8118,西藏自治区日喀则地区,高匿代理,2022年09月19日06时 验证
43.153.13.7,59394,上海市,高匿代理,2022年09月19日02时 验证
103.76.14.85,3125,浙江省宁波市,高匿代理,2022年09月18日22时 验证
118.69.176.168,8080,宁夏回族自治区中卫市,高匿代理,2022年09月18日20时 验证
120.89.91.226,3180,海南省省直辖县级行政单位,高匿代理,2022年09月18日18时 验证
152.32.130.147,3128,宁夏回族自治区银川市,高匿代理,2022年09月18日16时 验证
117.54.114.33,80,广东省珠海市,高匿代理,2022年09月18日12时 验证
103.105.76.101,8080,海南省,高匿代理,2022年09月18日10时 验证
182.253.36.60,8080,西藏自治区那曲地区,高匿代理,2022年09月18日08时 验证
45.88.99.90,999,上海市,高匿代理,2022年09月18日06时 验证
103.171.83.66,8080,江苏省无锡市,高匿代理,2022年09月18日02时 验证
147.161.180.253,80,甘肃省白银市,高匿代理,2022年09月17日22时 验证
190.26.217.114,8080,山东省济南市,高匿代理,2022年09月17日18时 验证
103.137.91.250,8080,上海市,高匿代理,2022年09月17日16时 验证
138.68.60.8,8080,江苏省常州市,高匿代理,2022年09月17日14时 验证
176.202.185.253,8080,陕西省宝鸡市,高匿代理,2022年09月17日08时 验证
175.101.85.33,8080,甘肃省金昌市,高匿代理,2022年09月17日06时 验证
20.70.174.151,3128,贵州省六盘水市,高匿代理,2022年09月17日04时 验证
51.38.134.168,3128,黑龙江省齐齐哈尔市,高匿代理,2022年09月17日02时 验证
185.108.141.49,8080,天津市,高匿代理,2022年09月17日00时 验证
74.15.213.192,80,吉林省长春市,高匿代理,2022年09月16日22时 验证
222.89.229.197,9091,上海市,高匿代理,2022年09月16日18时 验证
82.142.175.146,8080,湖南省株洲市,高匿代理,2022年09月16日12时 验证
89.111.105.68,41258,黑龙江省齐齐哈尔市,高匿代理,2022年09月16日10时 验证
185.255.47.59,8080,云南省曲靖市,高匿代理,2022年09月16日08时 验证
165.225.204.84,10605,河南省安阳市,高匿代理,2022年09月16日06时 验证
188.43.15.89,8080,河北省邯郸市,高匿代理,2022年09月16日04时 验证
70.34.223.34,3128,贵州省贵阳市,高匿代理,2022年09月16日02时 验证
45.64.11.137,8080,广东省广州市,高匿代理,2022年09月16日00时 验证
210.3.248.109,3129,河北省邯郸市,高匿代理,2022年09月15日22时 验证
80.209.230.72,2019,黑龙江省齐齐哈尔市,高匿代理,2022年09月15日18时 验证
104.129.198.213,8800,吉林省四平市,高匿代理,2022年09月15日16时 验证
58.82.151.247,8080,宁夏回族自治区中卫市,高匿代理,2022年09月15日12时 验证
103.158.250.34,8080,陕西省铜川市,高匿代理,2022年09月15日06时 验证
47.95.199.44,80,浙江省湖州市,高匿代理,2022年09月15日04时 验证
103.121.122.72,9812,青海省海南藏族自治州,高匿代理,2022年09月15日02时 验证
103.124.199.42,3125,江西省新余市,高匿代理,2022年09月15日00时 验证
175.106.10.164,8089,新疆维吾尔自治区哈密地区,高匿代理,2022年09月14日18时 验证
202.163.86.20,8080,北京市,高匿代理,2022年09月14日16时 验证
103.80.82.178,8181,广东省汕头市,高匿代理,2022年09月14日14时 验证
201.163.163.202,999,北京市市辖区,高匿代理,2022年09月14日12时 验证
103.144.91.8,8080,安徽省蚌埠市,高匿代理,2022年09月14日10时 验证
101.132.100.26,80,河北省邢台市,高匿代理,2022年09月14日06时 验证
179.0.104.101,999,上海市,高匿代理,2022年09月14日04时 验证
20.43.56.37,8000,广西壮族自治区桂林市,高匿代理,2022年09月14日02时 验证
20.163.162.121,8000,山东省济南市,高匿代理,2022年09月13日22时 验证
79.111.13.155,50625,海南省海口市,高匿代理,2022年09月13日20时 验证
188.132.152.110,8080,吉林省辽源市,高匿代理,2022年09月13日18时 验证
43.252.236.94,8080,西藏自治区那曲地区,高匿代理,2022年09月13日14时 验证
103.154.230.90,5678,广西壮族自治区柳州市,高匿代理,2022年09月13日12时 验证
139.180.155.47,3128,河北省秦皇岛市,高匿代理,2022年09月13日10时 验证
125.25.32.204,8080,广西壮族自治区柳州市,高匿代理,2022年09月13日08时 验证
111.225.153.248,8089,江苏省南京市,高匿代理,2022年09月13日02时 验证
189.157.101.191,999,江苏省常州市,高匿代理,2022年09月12日22时 验证
122.9.101.6,8888,青海省西宁市,高匿代理,2022年09月12日20时 验证
104.129.192.79,8800,江苏省无锡市,高匿代理,2022年09月12日18时 验证
5.189.140.113,8118,浙江省温州市,高匿代理,2022年09月12日16时 验证
103.151.221.41,3125,浙江省温州市,高匿代理,2022年09月12日12时 验证
103.152.232.14,8080,山西省长治市,高匿代理,2022年09月12日10时 验证
38.49.131.181,999,黑龙江省哈尔滨市,高匿代理,2022年09月12日08时 验证
190.108.85.190,999,辽宁省抚顺市,高匿代理,2022年09月12日04时 验证
183.88.134.163,8080,广西壮族自治区桂林市,高匿代理,2022年09月12日00时 验证
114.46.122.194,8080,辽宁省鞍山市,高匿代理,2022年09月11日22时 验证
150.136.245.153,3128,河北省邢台市,高匿代理,2022年09月11日20时 验证
203.150.128.233,8080,湖北省宜昌市,高匿代理,2022年09月11日18时 验证
181.129.49.214,999,河北省石家庄市,高匿代理,2022年09月11日16时 验证
112.124.56.162,8080,江苏省苏州市,高匿代理,2022年09月11日14时 验证
120.196.188.21,9091,吉林省吉林市,高匿代理,2022年09月11日10时 验证
120.196.188.21,9091,吉林省吉林市,高匿代理,2022年09月11日08时 验证
103.154.230.89,5678,安徽省淮南市,高匿代理,2022年09月11日06时 验证
116.203.72.47,8118,内蒙古自治区通辽市,高匿代理,2022年09月11日04时 验证
189.252.99.227,8080,贵州省铜仁地区,高匿代理,2022年09月11日02时 验证
185.82.96.163,9091,云南省玉溪市,高匿代理,2022年09月11日00时 验证
218.1.142.134,57114,广西壮族自治区桂林市,高匿代理,2022年09月10日22时 验证
187.190.0.240,999,黑龙江省鹤岗市,高匿代理,2022年09月10日20时 验证
180.183.8.214,8080,内蒙古自治区呼和浩特市,高匿代理,2022年09月10日18时 验证
191.97.16.118,999,浙江省湖州市,高匿代理,2022年09月10日16时 验证
3.138.85.61,3128,广东省广州市,高匿代理,2022年09月10日14时 验证
104.208.75.168,8000,重庆市,高匿代理,2022年09月10日12时 验证
165.225.20.108,10605,浙江省嘉兴市,高匿代理,2022年09月10日10时 验证
38.7.16.196,999,贵州省贵阳市,高匿代理,2022年09月10日08时 验证
20.24.224.163,8000,宁夏回族自治区石嘴山市,高匿代理,2022年09月10日06时 验证
45.173.44.9,999,河南省郑州市,高匿代理,2022年09月09日22时 验证
147.161.225.80,80,青海省海东地区,高匿代理,2022年09月09日18时 验证
103.106.219.50,8080,安徽省蚌埠市,高匿代理,2022年09月09日16时 验证
165.225.20.76,10605,江西省九江市,高匿代理,2022年09月09日14时 验证
185.82.99.11,9091,安徽省芜湖市,高匿代理,2022年09月09日12时 验证
103.156.15.28,8080,山东省枣庄市,高匿代理,2022年09月09日10时 验证
182.253.159.163,8080,山西省长治市,高匿代理,2022年09月09日08时 验证
111.225.153.34,8089,上海市,高匿代理,2022年09月09日06时 验证
211.136.100.154,7302,新疆维吾尔自治区克拉玛依市,高匿代理,2022年09月09日00时 验证
147.135.134.57,5566,黑龙江省鸡西市,高匿代理,2022年09月08日22时 验证
39.175.75.144,30001,北京市,高匿代理,2022年09月08日20时 验证
183.247.199.215,30001,河北省邢台市,高匿代理,2022年09月08日18时 验证
182.61.201.201,80,青海省海北藏族自治州,高匿代理,2022年09月08日16时 验证
183.247.211.50,30001,重庆市重庆周边,高匿代理,2022年09月08日14时 验证
120.237.144.77,9091,贵州省贵阳市,高匿代理,2022年09月08日12时 验证
36.137.70.178,7777,黑龙江省双鸭山市,高匿代理,2022年09月08日06时 验证
